"date","dez1","dez2","dez3","dez4","dez5","dez6"
"29/05/2019","37","44","2","27","6","47"
"25/05/2019","53","41","47","50","7","25"
"22/05/2019","13","28","31","8","33","32"
"18/05/2019","49","36","29","26","59","50"
"15/05/2019","36","38","2","29","14","18"
"11/05/2019","38","24","23","26","42","49"
"08/05/2019","21","48","46","23","44","37"
"04/05/2019","59","33","8","58","32","15"
"02/05/2019","49","42","17","19","37","41"
"27/04/2019","39","42","16","18","44","31"
"24/04/2019","6","59","28","8","51","53"
"20/04/2019","21","33","55","16","7","60"
"17/04/2019","12","58","35","51","2","57"
"13/04/2019","44","50","52","57","7","40"
"10/04/2019","10","19","11","37","41","17"
"06/04/2019","20","54","36","17","42","26"
"03/04/2019","58","29","23","41","14","57"
"30/03/2019","30","34","4","21","13","14"
"27/03/2019","2","1","49","11","12","34"
"23/03/2019","35","22","11","1","30","8"
"20/03/2019","23","48","59","28","40","9"
"16/03/2019","54","6","46","21","59","34"
"13/03/2019","26","20","19","51","52","57"
"09/03/2019","5","60","18","39","35","30"
"06/03/2019","28","18","20","6","2","3"
"02/03/2019","13","53","16","36","55","54"
"28/02/2019","60","46","12","6","32","31"
"26/02/2019","24","55","46","16","11","54"
"23/02/2019","7","46","28","30","44","1"
"20/02/2019","58","39","27","7","24","12"
"16/02/2019","44","1","31","53","46","58"
"13/02/2019","31","20","47","43","2","11"
"09/02/2019","47","59","14","56","50","15"
"06/02/2019","27","21","3","11","15","49"
"02/02/2019","37","8","17","29","10","40"
"30/01/2019","38","41","20","24","25","13"
"26/01/2019","42","49","26","31","19","21"
"23/01/2019","41","11","12","46","20","40"
"19/01/2019","28","43","4","29","52","30"
"17/01/2019","21","19","1","9","34","54"
"15/01/2019","19","40","35","44","27","4"
"12/01/2019","35","17","30","25","42","57"
"09/01/2019","11","21","46","14","25","50"
"05/01/2019","17","46","43","53","52","39"
"02/01/2019","54","41","1","46","58","44"
"31/12/2018","25","33","10","12","18","5"
"20/12/2018","4","16","44","49","12","34"
"18/12/2018","44","59","29","19","41","22"
"15/12/2018","50","44","60","38","56","8"
"12/12/2018","27","3","39","40","36","43"
"08/12/2018","16","46","13","11","24","31"
"06/12/2018","12","45","10","56","2","27"
"04/12/2018","13","40","50","46","3","44"
"01/12/2018","6","4","17","57","34","51"
"28/11/2018","58","56","18","8","2","37"
"24/11/2018","1","35","13","11","10","49"
"21/11/2018","30","15","5","58","20","27"
"17/11/2018","2","38","27","60","18","8"
"14/11/2018","51","28","24","49","9","45"
"10/11/2018","11","51","6","24","13","19"
"07/11/2018","49","29","56","43","35","16"
"03/11/2018","4","33","16","44","19","31"
"31/10/2018","54","34","52","8","14","27"
"27/10/2018","13","17","27","11","15","22"
"25/10/2018","12","11","10","59","38","37"
"23/10/2018","11","8","18","40","37","51"
"20/10/2018","38","48","5","49","10","32"
"17/10/2018","24","3","27","38","14","56"
"13/10/2018","19","18","53","34","2","23"
"10/10/2018","4","53","35","43","47","46"
"06/10/2018","25","49","12","21","38","37"
"03/10/2018","20","37","26","7","39","38"
"29/09/2018","56","33","1","19","18","60"
"26/09/2018","25","33","42","49","6","48"
"22/09/2018","40","42","13","18","35","41"
"20/09/2018","58","55","46","22","40","10"
"18/09/2018","55","37","58","14","2","1"
"15/09/2018","30","36","2","11","39","15"
"12/09/2018","37","13","16","26","39","35"
"08/09/2018","6","15","43","5","12","22"
"05/09/2018","7","9","23","33","57","59"
"01/09/2018","42","8","18","37","58","23"
"29/08/2018","55","12","15","30","52","18"
"25/08/2018","22","13","10","20","12","54"
"22/08/2018","35","46","34","60","24","33"
"18/08/2018","5","26","42","27","48","34"
"16/08/2018","40","3","48","17","34","35"
"14/08/2018","5","47","40","9","42","3"
"11/08/2018","59","2","11","32","26","13"
"08/08/2018","27","55","35","6","25","45"
"04/08/2018","4","11","43","20","30","37"
"01/08/2018","55","53","14","10","36","60"
"28/07/2018","10","19","29","24","6","25"
"25/07/2018","8","15","34","25","10","23"
"21/07/2018","33","45","44","40","36","54"
"18/07/2018","11","39","41","9","25","8"
"14/07/2018","5","4","36","56","40","44"
"11/07/2018","19","4","23","29","59","56"
"07/07/2018","37","38","20","13","10","54"
"05/07/2018","29","47","22","36","34","18"
"03/07/2018","53","43","46","25","35","6"
"30/06/2018","39","4","7","12","26","22"
"27/06/2018","12","27","40","37","22","55"
"23/06/2018","57","50","56","51","58","59"
"20/06/2018","37","5","44","1","53","6"
"16/06/2018","33","50","38","32","8","31"
"13/06/2018","19","10","27","31","51","53"
"09/06/2018","10","39","38","35","26","19"
"06/06/2018","18","19","44","54","1","29"
"02/06/2018","27","11","6","28","46","3"
"30/05/2018","27","46","15","25","50","45"
"26/05/2018","14","7","60","54","47","56"
"23/05/2018","53","58","21","38","57","56"
"19/05/2018","33","32","22","29","35","14"
"16/05/2018","10","12","54","42","22","25"
"12/05/2018","56","58","54","6","41","9"
"10/05/2018","28","22","6","31","44","12"
"08/05/2018","26","35","40","25","6","38"
"05/05/2018","60","30","14","45","23","16"
"02/05/2018","23","58","8","19","27","7"
"28/04/2018","52","35","49","30","38","36"
"25/04/2018","7","56","22","13","6","17"
"20/04/2018","40","10","18","33","38","43"
"17/04/2018","19","39","20","53","14","6"
"14/04/2018","23","39","18","55","50","37"
"11/04/2018","38","4","58","40","27","59"
"07/04/2018","15","37","18","33","40","6"
"04/04/2018","7","42","58","36","24","11"
"31/03/2018","11","15","39","37","29","44"
"28/03/2018","51","33","23","52","31","10"
"24/03/2018","52","56","4","24","46","55"
"21/03/2018","29","16","20","35","47","23"
"17/03/2018","23","56","8","7","1","6"
"14/03/2018","28","60","52","45","4","48"
"10/03/2018","32","37","40","60","7","14"
"07/03/2018","2","46","57","60","48","36"
"03/03/2018","41","46","54","59","23","52"
"28/02/2018","55","11","27","22","25","59"
"24/02/2018","56","10","11","2","38","24"
"21/02/2018","11","17","48","18","4","21"
"17/02/2018","18","58","32","39","27","17"
"14/02/2018","46","32","16","56","40","53"
"10/02/2018","6","36","53","30","56","23"
"08/02/2018","11","51","36","8","35","27"
"06/02/2018","28","35","58","54","2","32"
"03/02/2018","18","56","8","34","39","10"
"31/01/2018","1","48","50","44","37","46"
"27/01/2018","27","22","58","33","59","42"
"24/01/2018","41","14","54","4","39","58"
"20/01/2018","20","9","1","14","54","25"
"17/01/2018","22","19","33","11","53","34"
"13/01/2018","45","35","1","23","5","14"
"10/01/2018","40","50","43","28","51","34"
"06/01/2018","59","46","28","38","4","30"
"03/01/2018","22","20","52","60","42","36"
"31/12/2017","6","37","34","10","3","17"
"21/12/2017","42","38","49","15","50","37"
"19/12/2017","57","21","24","52","25","8"
"16/12/2017","14","7","35","1","31","46"
"13/12/2017","56","21","20","7","40","24"
"09/12/2017","14","37","39","26","35","29"
"06/12/2017","44","5","32","2","12","40"
"02/12/2017","50","57","48","17","6","33"
"29/11/2017","21","11","13","53","54","5"
"25/11/2017","19","34","44","36","20","28"
"22/11/2017","37","26","11","24","59","34"
"18/11/2017","40","58","30","32","15","22"
"16/11/2017","5","39","10","54","46","42"
"11/11/2017","10","58","14","45","31","34"
"09/11/2017","55","23","44","43","36","56"
"07/11/2017","9","36","29","28","34","55"
"04/11/2017","43","32","21","50","35","29"
"01/11/2017","14","22","6","5","10","36"
"28/10/2017","46","24","20","4","50","14"
"25/10/2017","15","6","39","19","37","53"
"21/10/2017","18","16","12","34","37","17"
"19/10/2017","38","23","45","32","29","22"
"17/10/2017","6","2","57","22","55","44"
"14/10/2017","28","3","32","34","37","16"
"11/10/2017","52","14","19","12","59","25"
"07/10/2017","8","24","47","26","11","57"
"04/10/2017","19","57","38","54","4","27"
"30/09/2017","17","16","60","12","52","1"
"27/09/2017","20","9","59","54","16","57"
"23/09/2017","54","10","52","41","44","4"
"21/09/2017","10","18","24","5","39","52"
"19/09/2017","30","59","20","32","8","48"
"16/09/2017","35","48","44","39","36","52"
"13/09/2017","32","39","13","54","30","46"
"09/09/2017","19","10","32","60","13","40"
"06/09/2017","28","26","55","38","48","35"
"02/09/2017","32","27","48","36","2","50"
"30/08/2017","34","60","5","4","7","42"
"26/08/2017","39","5","6","53","15","25"
"23/08/2017","50","30","25","17","32","26"
"19/08/2017","43","39","18","25","37","1"
"16/08/2017","56","43","21","8","27","35"
"12/08/2017","55","34","22","20","24","15"
"10/08/2017","23","47","29","2","14","22"
"08/08/2017","20","40","28","5","8","45"
"05/08/2017","15","41","45","33","36","27"
"02/08/2017","40","9","49","25","35","33"
"29/07/2017","45","29","42","9","43","26"
"26/07/2017","9","21","53","36","52","38"
"22/07/2017","55","14","16","21","33","19"
"19/07/2017","32","21","10","48","34","57"
"15/07/2017","30","1","14","56","22","6"
"12/07/2017","28","33","20","24","57","12"
"08/07/2017","52","59","55","40","8","33"
"06/07/2017","6","39","4","44","52","60"
"04/07/2017","8","54","21","10","45","4"
"01/07/2017","8","57","47","39","9","59"
"28/06/2017","43","11","39","9","30","12"
"24/06/2017","48","20","43","18","6","24"
"21/06/2017","38","1","9","48","49","24"
"17/06/2017","36","16","9","47","13","17"
"14/06/2017","39","29","24","52","7","45"
"10/06/2017","10","54","42","16","40","32"
"07/06/2017","10","29","24","43","6","55"
"03/06/2017","51","40","52","24","12","3"
"31/05/2017","24","17","10","1","3","23"
"27/05/2017","56","39","35","8","23","59"
"24/05/2017","15","19","35","59","14","2"
"20/05/2017","55","21","16","44","29","10"
"17/05/2017","34","8","2","15","9","22"
"13/05/2017","17","56","37","52","18","4"
"11/05/2017","10","52","23","36","3","43"
"09/05/2017","28","51","59","26","53","10"
"06/05/2017","11","5","30","31","13","19"
"03/05/2017","46","3","2","30","14","20"
"29/04/2017","47","43","38","1","17","45"
"26/04/2017","16","52","53","58","30","12"
"22/04/2017","46","34","59","45","9","42"
"19/04/2017","20","41","22","36","43","38"
"15/04/2017","19","10","16","15","28","35"
"12/04/2017","39","45","31","25","43","33"
"08/04/2017","60","28","54","37","45","11"
"05/04/2017","22","17","50","38","20","16"
"01/04/2017","4","36","25","21","46","33"
"29/03/2017","3","50","18","23","9","52"
"25/03/2017","57","21","2","33","20","48"
"22/03/2017","39","33","29","16","44","42"
"18/03/2017","14","56","52","17","4","43"
"15/03/2017","42","10","33","36","13","35"
"11/03/2017","32","16","33","23","18","30"
"08/03/2017","9","6","39","15","22","48"
"04/03/2017","47","43","45","40","57","11"
"01/03/2017","10","27","57","13","23","4"
"25/02/2017","3","48","44","35","25","38"
"23/02/2017","27","40","33","6","39","60"
"21/02/2017","43","54","29","57","35","56"
"18/02/2017","21","18","56","15","51","12"
"15/02/2017","9","43","10","15","45","28"
"11/02/2017","25","18","2","21","9","7"
"08/02/2017","30","53","26","11","37","12"
"04/02/2017","46","11","8","43","28","27"
"01/02/2017","48","35","44","23","36","20"
"28/01/2017","53","12","58","55","34","45"
"25/01/2017","52","9","58","47","22","25"
"21/01/2017","25","6","14","21","3","15"
"18/01/2017","3","5","2","34","10","15"
"14/01/2017","31","35","57","54","21","53"
"11/01/2017","17","58","45","19","28","16"
"07/01/2017","50","22","6","37","30","17"
"04/01/2017","47","1","3","19","23","58"
"31/12/2016","5","24","51","22","11","53"
"24/12/2016","30","25","23","44","28","16"
"22/12/2016","48","1","18","45","17","10"
"20/12/2016","23","56","41","46","34","11"
"17/12/2016","7","40","54","15","3","45"
"14/12/2016","59","7","18","23","32","14"
"10/12/2016","38","1","32","4","23","59"
"07/12/2016","28","59","16","47","27","60"
"03/12/2016","41","35","37","10","19","9"
"30/11/2016","30","10","53","44","3","56"
"26/11/2016","19","51","56","16","5","37"
"23/11/2016","20","58","10","59","57","5"
"19/11/2016","56","26","40","16","57","12"
"16/11/2016","35","13","32","16","24","23"
"12/11/2016","7","18","51","41","44","39"
"10/11/2016","53","45","47","1","52","55"
"08/11/2016","43","28","10","37","47","44"
"05/11/2016","25","5","53","28","41","54"
"03/11/2016","39","11","56","46","13","25"
"29/10/2016","17","58","33","52","11","3"
"26/10/2016","30","40","33","18","20","32"
"22/10/2016","11","26","24","52","40","23"
"20/10/2016","25","5","31","1","28","23"
"18/10/2016","3","43","21","17","22","10"
"15/10/2016","14","36","60","38","17","44"
"13/10/2016","42","5","32","37","1","31"
"08/10/2016","5","4","37","40","60","14"
"05/10/2016","23","45","16","58","59","56"
"01/10/2016","8","49","35","42","56","2"
"28/09/2016","45","9","60","2","35","4"
"24/09/2016","10","40","30","44","36","60"
"22/09/2016","13","26","1","21","14","51"
"20/09/2016","55","30","28","59","33","22"
"17/09/2016","53","35","52","25","23","13"
"14/09/2016","14","9","2","32","22","37"
"10/09/2016","6","38","24","39","15","10"
"08/09/2016","59","30","43","31","34","25"
"03/09/2016","2","41","39","1","34","45"
"31/08/2016","29","13","49","50","45","17"
"27/08/2016","35","22","8","37","21","18"
"24/08/2016","24","32","23","40","41","38"
"20/08/2016","35","27","3","11","44","5"
"17/08/2016","58","41","50","40","9","55"
"13/08/2016","45","1","57","49","50","6"
"11/08/2016","49","26","30","34","24","6"
"09/08/2016","9","3","29","13","30","51"
"06/08/2016","4","3","37","39","48","50"
"03/08/2016","28","26","33","41","8","54"
"30/07/2016","18","43","22","24","16","34"
"27/07/2016","6","51","13","38","49","3"
"23/07/2016","33","41","48","15","17","47"
"20/07/2016","28","32","22","56","58","7"
"16/07/2016","59","24","30","8","57","5"
"14/07/2016","41","48","57","50","44","54"
"12/07/2016","59","18","45","60","8","15"
"09/07/2016","50","36","8","28","47","58"
"06/07/2016","2","22","51","24","48","17"
"02/07/2016","2","42","3","27","16","7"
"29/06/2016","34","47","57","56","14","46"
"25/06/2016","55","15","48","32","28","27"
"22/06/2016","29","3","54","7","37","60"
"18/06/2016","53","32","30","7","24","13"
"15/06/2016","40","32","11","6","59","48"
"11/06/2016","43","33","53","26","54","42"
"09/06/2016","43","48","32","19","17","51"
"07/06/2016","21","54","10","50","51","11"
"04/06/2016","19","30","60","12","6","5"
"01/06/2016","54","34","59","21","9","4"
"28/05/2016","22","53","26","1","43","50"
"25/05/2016","53","31","19","52","36","22"
"21/05/2016","27","19","23","3","45","40"
"18/05/2016","37","26","18","30","33","17"
"14/05/2016","10","53","15","2","6","56"
"11/05/2016","47","1","26","55","39","4"
"07/05/2016","12","10","46","28","22","5"
"05/05/2016","60","8","25","39","41","11"
"03/05/2016","53","51","27","11","46","9"
"30/04/2016","51","9","13","15","19","11"
"27/04/2016","45","34","23","20","37","32"
"23/04/2016","32","37","5","35","17","57"
"20/04/2016","56","10","43","50","1","25"
"16/04/2016","23","12","54","46","9","24"
"13/04/2016","20","25","45","2","41","14"
"09/04/2016","43","15","22","1","16","25"
"06/04/2016","11","42","55","58","35","20"
"02/04/2016","17","49","27","22","57","31"
"30/03/2016","20","50","48","59","28","21"
"26/03/2016","4","29","8","49","38","50"
"23/03/2016","6","14","2","17","44","13"
"19/03/2016","19","45","43","6","54","34"
"16/03/2016","31","56","16","6","11","19"
"12/03/2016","53","1","3","4","51","39"
"10/03/2016","9","28","45","2","23","53"
"08/03/2016","2","57","35","13","54","14"
"05/03/2016","54","22","48","34","23","53"
"02/03/2016","55","50","42","58","47","30"
"27/02/2016","1","5","37","60","34","40"
"24/02/2016","56","13","22","54","14","58"
"20/02/2016","47","41","18","17","2","16"
"17/02/2016","55","12","50","18","53","46"
"13/02/2016","28","13","11","26","50","27"
"10/02/2016","57","59","6","25","43","58"
"06/02/2016","42","45","56","13","3","59"
"04/02/2016","1","29","13","25","5","26"
"02/02/2016","34","8","2","21","25","6"
"30/01/2016","27","5","42","54","41","11"
"27/01/2016","30","15","54","55","26","4"
"23/01/2016","38","16","21","4","18","6"
"20/01/2016","34","57","47","18","6","52"
"16/01/2016","22","8","52","1","53","49"
"14/01/2016","20","6","33","22","31","34"
"12/01/2016","25","56","30","12","39","57"
"09/01/2016","4","38","48","10","45","40"
"06/01/2016","55","4","44","38","19","52"
"02/01/2016","39","11","48","14","19","10"
"31/12/2015","31","2","51","42","18","56"
"26/12/2015","1","52","30","60","20","12"
"24/12/2015","45","41","39","30","15","59"
"22/12/2015","27","39","19","41","12","45"
"19/12/2015","38","2","27","28","32","20"
"16/12/2015","34","30","41","11","27","26"
"12/12/2015","32","44","54","60","47","37"
"09/12/2015","35","11","7","50","34","5"
"05/12/2015","44","26","39","35","16","45"
"02/12/2015","60","23","22","46","53","41"
"28/11/2015","1","28","56","37","6","58"
"25/11/2015","6","7","41","39","29","55"
"21/11/2015","21","9","15","36","12","31"
"18/11/2015","45","59","42","55","32","26"
"14/11/2015","53","36","10","9","50","55"
"13/11/2015","25","10","24","47","48","36"
"10/11/2015","2","14","21","60","22","51"
"07/11/2015","6","23","16","11","42","36"
"04/11/2015","43","13","28","56","37","25"
"31/10/2015","28","13","6","14","45","35"
"28/10/2015","48","5","30","18","8","2"
"24/10/2015","20","31","40","30","27","53"
"21/10/2015","54","8","45","29","35","15"
"17/10/2015","36","53","55","37","60","9"
"15/10/2015","42","22","51","23","57","15"
"13/10/2015","17","41","48","15","20","31"
"10/10/2015","33","13","14","3","43","29"
"07/10/2015","2","53","13","49","10","41"
"03/10/2015","53","34","59","33","48","6"
"30/09/2015","37","40","6","58","41","18"
"26/09/2015","13","47","60","18","52","9"
"23/09/2015","12","9","56","29","14","42"
"19/09/2015","34","31","29","4","10","35"
"16/09/2015","23","27","21","19","52","11"
"12/09/2015","49","18","20","32","15","48"
"09/09/2015","38","15","47","25","10","53"
"05/09/2015","34","17","9","46","10","32"
"02/09/2015","53","46","28","48","37","12"
"29/08/2015","59","5","51","42","50","8"
"26/08/2015","13","32","12","41","24","29"
"22/08/2015","46","16","33","45","34","6"
"19/08/2015","52","29","17","41","12","25"
"15/08/2015","5","9","41","14","3","46"
"12/08/2015","25","60","34","53","45","38"
"08/08/2015","59","49","43","5","27","18"
"06/08/2015","1","24","10","17","42","51"
"04/08/2015","53","14","44","7","23","43"
"01/08/2015","28","39","8","59","42","3"
"29/07/2015","4","6","41","40","19","20"
"25/07/2015","42","54","57","3","49","10"
"22/07/2015","26","31","30","18","16","34"
"18/07/2015","27","39","37","58","60","33"
"15/07/2015","27","60","30","14","46","52"
"11/07/2015","41","39","9","49","23","58"
"09/07/2015","12","33","4","38","36","19"
"07/07/2015","49","39","18","31","57","23"
"04/07/2015","44","22","31","54","34","1"
"01/07/2015","30","53","4","31","47","32"
"27/06/2015","9","58","16","44","2","37"
"24/06/2015","25","36","2","53","42","41"
"20/06/2015","20","16","35","40","60","53"
"17/06/2015","51","2","24","52","36","8"
"13/06/2015","3","29","10","16","23","27"
"10/06/2015","50","19","59","2","29","12"
"06/06/2015","38","22","50","45","26","39"
"03/06/2015","59","56","7","28","21","58"
"30/05/2015","30","7","47","35","19","42"
"27/05/2015","38","50","29","45","17","32"
"23/05/2015","36","27","20","7","16","52"
"20/05/2015","12","31","34","48","36","56"
"16/05/2015","50","37","51","27","29","25"
"13/05/2015","11","7","59","51","32","1"
"09/05/2015","49","3","35","39","23","26"
"07/05/2015","39","52","17","35","19","33"
"05/05/2015","9","3","18","40","32","56"
"02/05/2015","58","41","48","50","15","18"
"29/04/2015","1","10","30","33","38","6"
"25/04/2015","24","44","28","13","45","11"
"22/04/2015","8","30","23","51","53","58"
"18/04/2015","12","1","31","37","17","46"
"15/04/2015","36","43","38","24","58","44"
"11/04/2015","34","29","20","37","57","45"
"08/04/2015","19","18","38","5","21","15"
"04/04/2015","44","56","13","14","27","11"
"01/04/2015","39","45","58","10","1","24"
"28/03/2015","24","45","53","35","26","21"
"25/03/2015","41","2","53","5","13","27"
"21/03/2015","18","23","42","56","32","30"
"18/03/2015","15","58","24","37","46","49"
"14/03/2015","44","37","9","55","14","46"
"11/03/2015","39","46","18","51","31","3"
"07/03/2015","9","12","31","50","18","39"
"04/03/2015","48","4","12","34","32","33"
"28/02/2015","13","39","51","37","35","7"
"25/02/2015","1","33","8","11","6","50"
"21/02/2015","37","46","47","51","23","38"
"18/02/2015","28","2","1","46","27","47"
"14/02/2015","35","52","17","19","9","11"
"11/02/2015","52","33","15","28","51","10"
"07/02/2015","2","1","37","51","48","11"
"04/02/2015","36","3","35","56","18","34"
"31/01/2015","42","59","30","58","50","22"
"28/01/2015","35","10","47","5","24","23"
"24/01/2015","20","10","1","5","42","3"
"21/01/2015","21","31","56","55","45","27"
"17/01/2015","1","33","30","17","47","19"
"14/01/2015","29","28","31","48","45","49"
"10/01/2015","47","40","55","57","52","5"
"07/01/2015","51","24","56","7","12","44"
"03/01/2015","51","27","1","23","45","2"
"31/12/2014","20","11","16","1","56","5"
"24/12/2014","48","8","21","36","23","29"
"20/12/2014","20","27","49","40","55","18"
"17/12/2014","57","10","25","14","33","29"
"13/12/2014","16","48","43","27","58","13"
"10/12/2014","17","38","42","51","34","8"
"06/12/2014","20","33","37","49","4","10"
"03/12/2014","7","40","19","49","11","23"
"29/11/2014","10","54","37","45","14","7"
"26/11/2014","6","4","43","54","56","11"
"22/11/2014","56","46","7","24","28","53"
"19/11/2014","50","33","42","7","58","16"
"14/11/2014","45","22","27","21","1","32"
"12/11/2014","44","28","24","57","7","26"
"08/11/2014","27","44","8","35","38","41"
"05/11/2014","23","57","29","17","60","38"
"01/11/2014","54","33","24","44","38","42"
"29/10/2014","48","18","15","22","20","16"
"25/10/2014","38","54","23","12","17","53"
"22/10/2014","34","23","41","19","40","58"
"18/10/2014","31","37","21","38","8","18"
"15/10/2014","10","16","34","13","60","22"
"11/10/2014","19","20","16","60","28","37"
"08/10/2014","47","3","43","42","60","23"
"04/10/2014","51","30","29","33","46","23"
"01/10/2014","6","18","46","23","31","2"
"27/09/2014","35","51","34","49","16","29"
"24/09/2014","38","2","42","58","41","1"
"20/09/2014","5","56","24","55","1","47"
"17/09/2014","33","19","52","51","35","26"
"13/09/2014","30","32","51","8","28","23"
"10/09/2014","44","9","33","10","23","51"
"06/09/2014","2","11","49","13","36","1"
"03/09/2014","18","56","27","6","24","59"
"30/08/2014","47","48","44","60","4","29"
"27/08/2014","30","43","7","44","1","54"
"23/08/2014","47","20","35","4","59","24"
"20/08/2014","38","26","60","34","29","50"
"16/08/2014","26","57","20","32","45","41"
"13/08/2014","3","52","5","43","35","14"
"09/08/2014","45","11","22","52","36","40"
"07/08/2014","32","2","27","47","58","41"
"05/08/2014","33","56","59","43","50","49"
"02/08/2014","21","7","5","53","45","4"
"30/07/2014","24","22","38","49","10","39"
"26/07/2014","57","23","38","13","34","27"
"23/07/2014","46","17","5","42","47","8"
"19/07/2014","9","51","20","24","52","43"
"16/07/2014","23","31","47","54","3","26"
"12/07/2014","46","40","58","31","28","42"
"09/07/2014","26","20","5","44","33","31"
"05/07/2014","49","27","43","17","14","21"
"02/07/2014","31","18","4","46","44","49"
"28/06/2014","17","51","36","6","42","13"
"25/06/2014","24","51","50","28","58","47"
"21/06/2014","36","53","35","9","1","4"
"18/06/2014","2","26","6","13","53","60"
"14/06/2014","6","43","17","5","54","59"
"11/06/2014","32","41","51","7","31","52"
"07/06/2014","54","1","15","37","46","42"
"04/06/2014","42","30","9","19","31","21"
"31/05/2014","21","40","51","27","24","2"
"28/05/2014","13","53","20","31","60","27"
"24/05/2014","8","44","40","35","22","12"
"21/05/2014","60","24","56","45","10","8"
"17/05/2014","9","46","23","32","35","57"
"14/05/2014","35","10","15","58","36","3"
"10/05/2014","36","47","42","29","53","31"
"07/05/2014","16","52","5","44","10","50"
"03/05/2014","5","12","1","7","45","10"
"30/04/2014","59","5","42","8","46","2"
"26/04/2014","53","43","23","6","7","8"
"23/04/2014","4","17","38","9","18","21"
"19/04/2014","41","49","36","42","31","38"
"16/04/2014","4","23","55","10","38","33"
"12/04/2014","40","7","44","55","34","20"
"09/04/2014","11","41","51","5","19","4"
"05/04/2014","36","29","23","49","32","45"
"02/04/2014","8","21","19","30","52","56"
"29/03/2014","47","58","8","43","39","46"
"26/03/2014","55","47","43","48","49","2"
"22/03/2014","27","54","28","50","22","3"
"19/03/2014","18","2","9","47","17","45"
"15/03/2014","4","17","1","48","13","38"
"12/03/2014","31","34","15","14","25","30"
"08/03/2014","1","6","14","17","33","36"
"05/03/2014","34","25","40","51","60","49"
"01/03/2014","6","53","56","30","37","3"
"26/02/2014","25","32","11","59","51","14"
"22/02/2014","26","30","21","15","13","46"
"19/02/2014","1","5","4","45","14","56"
"15/02/2014","6","28","33","48","46","27"
"12/02/2014","7","16","36","35","38","21"
"08/02/2014","46","42","27","45","20","47"
"05/02/2014","46","60","55","32","3","29"
"01/02/2014","18","46","42","15","56","24"
"29/01/2014","42","15","18","31","5","53"
"25/01/2014","28","58","19","24","42","25"
"22/01/2014","53","38","30","2","15","48"
"18/01/2014","11","32","60","5","6","36"
"15/01/2014","43","41","37","51","18","39"
"11/01/2014","54","44","38","25","46","53"
"09/01/2014","43","36","1","20","13","6"
"04/01/2014","12","10","51","37","23","47"
"02/01/2014","28","26","54","55","23","60"
"31/12/2013","30","47","53","38","20","36"
"21/12/2013","37","58","12","29","8","16"
"19/12/2013","31","42","15","7","17","54"
"17/12/2013","46","18","16","45","31","4"
"14/12/2013","7","52","11","10","1","4"
"11/12/2013","5","52","59","2","33","23"
"07/12/2013","30","52","50","49","53","32"
"04/12/2013","29","21","20","46","22","60"
"30/11/2013","7","18","26","46","39","24"
"27/11/2013","2","23","38","15","21","19"
"23/11/2013","21","56","36","9","13","27"
"20/11/2013","32","53","16","20","12","10"
"16/11/2013","44","41","42","54","47","19"
"13/11/2013","28","21","9","10","2","18"
"09/11/2013","38","44","17","60","4","53"
"06/11/2013","6","48","11","45","4","24"
"01/11/2013","30","50","45","2","35","21"
"30/10/2013","30","7","23","20","15","41"
"26/10/2013","7","12","57","11","30","39"
"23/10/2013","37","5","24","44","49","58"
"19/10/2013","54","47","27","17","3","32"
"16/10/2013","10","49","8","58","20","26"
"11/10/2013","35","52","27","53","57","23"
"09/10/2013","6","56","33","50","51","10"
"05/10/2013","18","32","29","13","50","58"
"02/10/2013","55","25","9","8","54","41"
"28/09/2013","28","12","34","29","1","48"
"25/09/2013","29","21","47","57","13","34"
"21/09/2013","42","2","11","23","31","44"
"18/09/2013","24","41","12","42","44","13"
"14/09/2013","53","10","28","16","48","33"
"11/09/2013","35","17","15","34","49","11"
"06/09/2013","4","13","58","36","19","15"
"04/09/2013","32","44","42","48","16","36"
"31/08/2013","51","47","28","10","59","16"
"28/08/2013","30","46","35","54","26","2"
"24/08/2013","40","53","12","46","2","52"
"21/08/2013","25","39","44","41","31","22"
"17/08/2013","33","5","23","32","8","56"
"14/08/2013","18","30","14","11","33","39"
"10/08/2013","36","46","48","31","7","35"
"08/08/2013","6","23","56","15","5","59"
"06/08/2013","28","8","55","41","48","9"
"03/08/2013","45","38","52","17","7","56"
"31/07/2013","34","60","18","45","4","20"
"27/07/2013","59","49","13","18","4","14"
"24/07/2013","23","16","17","59","42","60"
"20/07/2013","31","57","17","56","28","58"
"17/07/2013","35","11","28","46","42","58"
"13/07/2013","8","29","31","4","17","45"
"10/07/2013","1","8","44","17","46","53"
"06/07/2013","27","51","1","46","59","6"
"03/07/2013","58","39","18","17","35","30"
"29/06/2013","46","24","51","50","56","52"
"26/06/2013","49","34","42","18","3","14"
"22/06/2013","32","1","6","9","16","2"
"19/06/2013","41","2","42","30","12","10"
"15/06/2013","36","22","42","3","16","4"
"12/06/2013","6","43","22","52","57","51"
"08/06/2013","13","37","54","7","29","1"
"05/06/2013","57","43","18","59","10","31"
"01/06/2013","26","37","8","22","54","33"
"29/05/2013","11","46","27","49","6","40"
"25/05/2013","58","7","27","45","4","5"
"22/05/2013","28","18","41","54","14","47"
"18/05/2013","13","49","4","44","14","57"
"15/05/2013","50","28","35","24","2","14"
"11/05/2013","30","24","12","49","7","27"
"08/05/2013","48","44","46","4","18","9"
"04/05/2013","56","6","45","60","26","50"
"02/05/2013","31","32","43","3","52","1"
"27/04/2013","48","15","24","28","1","26"
"24/04/2013","4","51","45","22","38","25"
"20/04/2013","4","17","23","28","9","53"
"17/04/2013","10","1","34","54","6","40"
"13/04/2013","30","59","27","36","4","54"
"10/04/2013","49","29","17","53","20","24"
"06/04/2013","55","53","1","35","56","39"
"03/04/2013","11","9","6","34","41","53"
"30/03/2013","40","27","55","17","28","44"
"27/03/2013","9","14","26","36","52","21"
"23/03/2013","57","21","54","48","50","60"
"20/03/2013","10","40","27","47","55","37"
"16/03/2013","50","59","56","46","3","4"
"13/03/2013","26","10","4","37","47","57"
"09/03/2013","13","12","51","37","48","44"
"06/03/2013","2","43","11","1","3","28"
"02/03/2013","60","12","57","58","33","2"
"27/02/2013","12","23","25","18","45","50"
"23/02/2013","58","33","36","40","25","10"
"20/02/2013","2","34","51","36","38","55"
"16/02/2013","4","56","54","13","35","58"
"13/02/2013","2","20","37","19","1","10"
"09/02/2013","41","53","26","23","52","24"
"06/02/2013","4","13","51","37","6","34"
"02/02/2013","11","6","53","44","16","26"
"30/01/2013","59","2","54","32","24","50"
"26/01/2013","40","22","13","29","48","28"
"23/01/2013","5","9","25","40","38","27"
"19/01/2013","44","31","49","54","36","47"
"16/01/2013","50","52","14","4","27","38"
"12/01/2013","2","6","35","30","52","34"
"09/01/2013","2","16","4","44","33","51"
"05/01/2013","34","16","46","15","42","59"
"02/01/2013","36","6","40","14","8","26"
"31/12/2012","33","14","52","36","32","41"
"22/12/2012","27","52","41","29","4","48"
"20/12/2012","47","32","25","57","6","13"
"18/12/2012","50","57","58","28","2","14"
"15/12/2012","57","10","33","2","11","52"
"12/12/2012","27","45","44","26","38","31"
"08/12/2012","2","18","30","56","52","6"
"05/12/2012","25","29","36","1","56","60"
"01/12/2012","1","41","28","33","39","19"
"28/11/2012","13","32","6","51","40","24"
"24/11/2012","41","32","19","58","5","49"
"21/11/2012","2","5","55","28","27","48"
"17/11/2012","52","32","12","54","20","48"
"14/11/2012","12","20","13","49","34","30"
"10/11/2012","56","29","53","36","38","17"
"07/11/2012","6","28","56","2","36","51"
"03/11/2012","35","55","2","43","34","42"
"31/10/2012","49","7","33","31","36","14"
"27/10/2012","48","37","26","22","38","23"
"24/10/2012","1","23","13","30","24","57"
"20/10/2012","45","47","50","52","15","4"
"17/10/2012","3","34","58","22","18","55"
"13/10/2012","14","46","40","13","4","52"
"10/10/2012","16","24","25","45","59","42"
"06/10/2012","33","54","40","5","9","13"
"03/10/2012","19","2","30","46","22","52"
"29/09/2012","9","22","60","48","12","39"
"26/09/2012","15","55","37","34","19","7"
"22/09/2012","47","44","53","56","8","39"
"19/09/2012","24","44","6","15","18","30"
"15/09/2012","7","29","50","16","38","36"
"12/09/2012","60","38","29","3","7","15"
"08/09/2012","43","8","21","27","3","25"
"05/09/2012","17","44","2","5","13","39"
"01/09/2012","31","39","59","19","53","44"
"29/08/2012","45","16","18","11","36","2"
"25/08/2012","52","21","48","58","30","17"
"22/08/2012","7","8","10","27","12","56"
"18/08/2012","12","56","5","52","45","59"
"15/08/2012","49","3","19","35","22","24"
"11/08/2012","51","49","46","40","36","26"
"09/08/2012","44","49","57","37","21","46"
"07/08/2012","54","33","13","55","45","15"
"04/08/2012","6","8","37","24","45","41"
"01/08/2012","32","44","12","8","48","46"
"28/07/2012","54","29","18","42","40","50"
"25/07/2012","50","6","47","58","26","19"
"21/07/2012","43","39","20","19","24","4"
"18/07/2012","53","42","31","43","29","18"
"14/07/2012","7","10","38","17","24","57"
"11/07/2012","14","17","32","37","39","3"
"07/07/2012","7","32","31","51","27","8"
"04/07/2012","16","39","13","26","42","20"
"30/06/2012","38","10","27","2","21","9"
"27/06/2012","12","11","54","33","48","25"
"23/06/2012","34","26","9","43","54","53"
"20/06/2012","39","43","60","57","34","56"
"16/06/2012","42","51","14","40","32","33"
"13/06/2012","15","56","3","27","4","7"
"09/06/2012","52","48","54","58","55","29"
"06/06/2012","5","44","11","19","17","48"
"02/06/2012","11","35","16","46","24","50"
"30/05/2012","44","28","18","24","4","39"
"26/05/2012","43","8","2","28","33","12"
"23/05/2012","19","7","12","34","53","40"
"19/05/2012","29","27","19","4","28","31"
"16/05/2012","1","44","39","16","57","28"
"12/05/2012","54","31","50","43","29","22"
"09/05/2012","43","27","18","52","50","32"
"05/05/2012","39","56","28","12","51","38"
"02/05/2012","42","37","35","27","59","36"
"28/04/2012","56","18","31","2","30","45"
"25/04/2012","9","55","23","44","7","46"
"20/04/2012","17","27","55","13","5","16"
"18/04/2012","44","30","27","11","40","57"
"14/04/2012","52","14","3","60","57","55"
"11/04/2012","45","5","36","12","50","58"
"07/04/2012","18","17","59","2","54","5"
"04/04/2012","25","5","13","12","35","2"
"31/03/2012","53","49","21","11","54","9"
"28/03/2012","25","28","53","45","14","58"
"24/03/2012","21","33","28","31","43","6"
"21/03/2012","52","39","7","27","55","57"
"17/03/2012","46","60","58","36","40","3"
"14/03/2012","47","11","8","49","3","4"
"10/03/2012","2","27","59","49","4","5"
"07/03/2012","32","24","16","38","5","46"
"03/03/2012","10","26","29","38","32","21"
"01/03/2012","38","29","43","13","7","2"
"25/02/2012","59","44","54","37","27","12"
"22/02/2012","50","35","32","26","2","24"
"18/02/2012","20","13","40","10","53","44"
"15/02/2012","52","25","42","45","35","57"
"11/02/2012","58","19","12","22","2","36"
"08/02/2012","37","27","44","30","38","23"
"04/02/2012","50","25","17","16","54","2"
"01/02/2012","12","17","28","53","6","10"
"28/01/2012","16","15","37","3","35","47"
"25/01/2012","55","52","26","19","1","24"
"21/01/2012","21","46","6","22","13","31"
"18/01/2012","39","49","11","24","17","46"
"14/01/2012","2","42","8","49","48","38"
"11/01/2012","47","11","3","27","32","13"
"07/01/2012","35","59","36","9","18","24"
"04/01/2012","13","50","41","36","56","33"
"31/12/2011","4","36","29","55","45","3"
"24/12/2011","9","19","20","50","60","51"
"22/12/2011","38","45","39","7","12","56"
"20/12/2011","19","45","54","56","46","9"
"17/12/2011","59","47","32","48","40","12"
"14/12/2011","50","40","26","7","19","17"
"10/12/2011","19","42","8","36","21","59"
"07/12/2011","51","31","42","20","56","19"
"03/12/2011","5","60","46","42","50","7"
"30/11/2011","11","40","37","20","1","52"
"26/11/2011","36","21","13","59","60","30"
"23/11/2011","59","10","16","14","7","54"
"19/11/2011","19","33","18","43","60","1"
"16/11/2011","38","2","45","35","20","51"
"12/11/2011","51","54","32","1","38","47"
"09/11/2011","49","3","51","20","22","14"
"05/11/2011","8","25","27","6","10","1"
"03/11/2011","25","51","26","42","28","33"
"29/10/2011","5","13","3","24","35","59"
"26/10/2011","24","46","39","57","26","9"
"22/10/2011","48","8","21","18","49","30"
"19/10/2011","43","50","8","7","39","11"
"15/10/2011","43","27","59","53","23","10"
"13/10/2011","41","35","36","16","52","54"
"08/10/2011","30","19","10","18","50","11"
"05/10/2011","35","2","20","43","5","16"
"01/10/2011","29","44","51","31","18","57"
"28/09/2011","25","37","15","6","48","55"
"24/09/2011","55","43","21","10","47","53"
"21/09/2011","51","59","47","10","60","53"
"17/09/2011","38","17","55","41","24","25"
"14/09/2011","16","4","18","27","5","51"
"10/09/2011","34","46","14","28","11","16"
"08/09/2011","35","29","37","13","6","30"
"03/09/2011","48","34","25","42","13","8"
"31/08/2011","27","29","1","50","52","38"
"27/08/2011","42","44","52","58","60","38"
"24/08/2011","39","26","49","1","4","43"
"20/08/2011","28","30","29","22","20","5"
"17/08/2011","54","7","19","12","45","9"
"13/08/2011","14","8","53","9","59","32"
"11/08/2011","7","12","25","26","32","39"
"09/08/2011","24","33","7","30","47","8"
"06/08/2011","10","47","54","7","43","32"
"03/08/2011","45","6","19","34","43","22"
"30/07/2011","44","11","5","46","36","3"
"27/07/2011","35","23","15","7","20","14"
"23/07/2011","19","51","54","8","52","46"
"20/07/2011","44","15","56","2","10","57"
"16/07/2011","16","25","3","51","23","56"
"13/07/2011","46","43","59","54","44","53"
"09/07/2011","56","32","8","22","43","53"
"06/07/2011","60","14","53","30","15","55"
"02/07/2011","2","56","11","5","59","13"
"29/06/2011","49","43","14","10","53","46"
"25/06/2011","20","2","43","15","5","57"
"22/06/2011","6","50","4","48","29","51"
"18/06/2011","24","50","1","44","13","40"
"15/06/2011","30","31","23","9","54","11"
"11/06/2011","18","57","58","40","47","54"
"08/06/2011","14","50","3","23","2","34"
"04/06/2011","13","8","27","1","3","52"
"01/06/2011","42","32","56","40","30","17"
"28/05/2011","33","42","12","31","11","52"
"25/05/2011","5","52","2","33","51","28"
"21/05/2011","33","10","15","38","31","28"
"18/05/2011","26","21","20","36","31","29"
"14/05/2011","59","8","60","44","40","30"
"11/05/2011","4","39","56","23","52","55"
"07/05/2011","36","14","30","38","11","8"
"04/05/2011","29","6","54","10","20","16"
"30/04/2011","8","29","36","35","14","40"
"27/04/2011","4","16","24","56","25","30"
"23/04/2011","50","59","18","31","60","12"
"20/04/2011","9","40","5","22","36","11"
"16/04/2011","58","55","14","2","60","48"
"13/04/2011","13","59","21","17","40","39"
"09/04/2011","60","26","19","58","13","40"
"06/04/2011","28","27","13","35","26","52"
"02/04/2011","2","52","39","59","48","1"
"30/03/2011","31","33","24","5","42","9"
"26/03/2011","51","5","27","4","15","17"
"23/03/2011","17","53","60","44","16","3"
"19/03/2011","47","58","4","41","20","30"
"16/03/2011","39","6","42","10","60","33"
"12/03/2011","13","50","46","24","60","19"
"09/03/2011","56","17","37","51","4","36"
"05/03/2011","41","53","18","4","36","26"
"02/03/2011","11","39","9","5","8","7"
"26/02/2011","10","41","14","22","53","42"
"23/02/2011","19","23","31","53","29","41"
"19/02/2011","39","54","58","46","4","6"
"16/02/2011","47","26","11","57","59","55"
"12/02/2011","27","15","30","52","26","2"
"09/02/2011","26","38","33","35","53","43"
"05/02/2011","23","5","54","39","38","51"
"02/02/2011","9","29","18","7","14","39"
"29/01/2011","2","51","17","44","43","23"
"26/01/2011","35","2","51","14","49","39"
"22/01/2011","48","27","34","52","46","5"
"19/01/2011","59","1","2","40","51","24"
"15/01/2011","3","40","8","53","51","36"
"12/01/2011","20","33","58","34","57","60"
"08/01/2011","9","11","24","3","51","36"
"05/01/2011","59","10","37","57","40","43"
"31/12/2010","34","10","37","50","43","2"
"24/12/2010","45","8","34","15","2","25"
"22/12/2010","32","19","23","57","9","29"
"20/12/2010","54","45","51","11","34","48"
"18/12/2010","13","26","25","10","28","45"
"15/12/2010","22","42","49","8","12","9"
"11/12/2010","15","1","48","37","39","52"
"08/12/2010","40","45","24","14","13","39"
"04/12/2010","26","21","39","5","18","59"
"01/12/2010","17","20","38","8","53","3"
"27/11/2010","16","49","55","20","10","26"
"24/11/2010","3","5","24","19","30","35"
"20/11/2010","49","22","59","29","32","54"
"17/11/2010","12","18","15","8","11","22"
"13/11/2010","20","27","49","5","23","39"
"10/11/2010","37","35","12","22","19","9"
"06/11/2010","12","49","60","32","30","40"
"03/11/2010","36","10","60","52","50","23"
"30/10/2010","35","31","4","30","54","28"
"27/10/2010","31","55","56","50","40","10"
"23/10/2010","32","55","34","31","50","40"
"20/10/2010","41","19","57","53","21","27"
"16/10/2010","17","15","48","42","35","47"
"13/10/2010","26","19","48","57","5","8"
"09/10/2010","46","5","58","37","14","43"
"06/10/2010","48","55","52","43","5","15"
"02/10/2010","34","37","41","53","2","33"
"29/09/2010","33","23","29","46","10","31"
"25/09/2010","5","43","28","15","11","50"
"22/09/2010","7","25","4","58","13","27"
"18/09/2010","47","51","10","50","30","25"
"15/09/2010","5","41","29","36","30","48"
"11/09/2010","3","53","45","11","34","26"
"08/09/2010","35","50","2","23","33","40"
"04/09/2010","36","54","3","31","15","48"
"01/09/2010","3","7","9","10","31","34"
"28/08/2010","30","17","38","14","5","35"
"25/08/2010","45","12","1","26","54","20"
"21/08/2010","32","35","22","9","56","11"
"18/08/2010","2","11","37","36","48","6"
"14/08/2010","14","4","26","35","29","13"
"11/08/2010","10","25","5","39","52","43"
"07/08/2010","55","30","33","9","7","38"
"04/08/2010","9","60","11","53","48","8"
"31/07/2010","36","32","55","49","60","28"
"28/07/2010","10","3","39","54","56","11"
"24/07/2010","58","28","23","39","16","19"
"21/07/2010","29","22","36","58","41","48"
"17/07/2010","39","54","36","37","60","49"
"14/07/2010","60","3","20","19","58","6"
"10/07/2010","27","17","57","26","55","20"
"07/07/2010","24","53","41","6","13","50"
"03/07/2010","12","54","2","32","14","9"
"30/06/2010","49","17","20","59","57","52"
"26/06/2010","25","22","11","16","33","3"
"23/06/2010","11","53","56","37","10","19"
"19/06/2010","50","21","14","35","31","27"
"16/06/2010","60","52","59","9","44","20"
"12/06/2010","8","49","43","17","40","19"
"09/06/2010","41","12","15","7","13","8"
"05/06/2010","54","10","2","43","21","35"
"02/06/2010","4","23","27","28","9","30"
"29/05/2010","12","5","10","20","29","37"
"26/05/2010","52","29","56","60","2","4"
"22/05/2010","44","18","45","31","26","20"
"19/05/2010","60","12","34","30","44","57"
"15/05/2010","59","28","47","60","22","5"
"12/05/2010","1","53","22","50","45","30"
"08/05/2010","33","52","55","47","38","50"
"05/05/2010","21","11","49","14","33","30"
"30/04/2010","2","3","12","37","47","16"
"28/04/2010","7","52","6","51","47","39"
"24/04/2010","7","25","24","36","5","47"
"20/04/2010","28","52","6","43","12","56"
"17/04/2010","41","3","10","30","57","13"
"14/04/2010","46","11","27","34","49","13"
"10/04/2010","14","1","11","23","42","48"
"07/04/2010","47","20","4","56","53","5"
"03/04/2010","43","28","56","20","52","51"
"31/03/2010","35","28","54","30","22","31"
"27/03/2010","20","52","60","42","54","40"
"24/03/2010","17","6","14","40","49","26"
"20/03/2010","5","51","31","53","47","17"
"17/03/2010","31","25","18","41","22","30"
"13/03/2010","48","47","7","4","42","51"
"10/03/2010","40","5","3","48","1","18"
"06/03/2010","53","46","5","6","34","55"
"03/03/2010","23","31","60","55","30","54"
"27/02/2010","46","9","43","41","49","29"
"24/02/2010","31","49","44","24","9","48"
"20/02/2010","28","58","41","40","51","20"
"17/02/2010","4","14","21","26","12","28"
"13/02/2010","55","46","34","17","19","6"
"10/02/2010","47","36","44","29","20","14"
"06/02/2010","1","25","4","14","21","51"
"03/02/2010","28","17","35","52","31","15"
"30/01/2010","46","54","8","36","7","23"
"27/01/2010","48","32","29","55","27","28"
"23/01/2010","23","39","52","31","6","33"
"20/01/2010","10","34","53","33","28","6"
"16/01/2010","19","3","60","33","24","16"
"13/01/2010","19","10","49","18","1","44"
"09/01/2010","35","47","60","44","30","3"
"06/01/2010","28","31","15","58","3","26"
"02/01/2010","40","9","37","58","50","60"
"31/12/2009","49","58","40","46","10","27"
"26/12/2009","36","42","37","9","28","31"
"24/12/2009","4","25","18","15","36","2"
"22/12/2009","21","28","19","25","50","43"
"19/12/2009","7","31","32","37","43","34"
"16/12/2009","5","4","19","39","6","23"
"12/12/2009","29","36","56","22","9","51"
"09/12/2009","16","5","58","39","10","21"
"05/12/2009","52","30","27","12","55","33"
"02/12/2009","49","34","36","1","16","8"
"28/11/2009","23","49","32","54","18","5"
"25/11/2009","47","19","17","12","32","55"
"21/11/2009","60","8","39","52","24","16"
"18/11/2009","24","8","14","5","29","30"
"14/11/2009","59","31","57","4","52","42"
"11/11/2009","7","42","56","29","33","3"
"07/11/2009","49","11","7","18","16","33"
"04/11/2009","19","4","39","14","45","60"
"31/10/2009","49","44","56","26","46","55"
"28/10/2009","18","4","59","54","56","17"
"24/10/2009","50","55","7","35","44","40"
"21/10/2009","44","54","41","45","34","10"
"17/10/2009","55","44","8","20","43","21"
"14/10/2009","27","35","40","1","6","17"
"10/10/2009","17","20","4","47","9","13"
"07/10/2009","44","41","18","50","37","30"
"03/10/2009","16","3","22","54","25","15"
"30/09/2009","47","36","29","59","3","6"
"26/09/2009","4","34","52","32","58","43"
"23/09/2009","4","43","25","9","33","32"
"19/09/2009","26","45","6","28","42","14"
"16/09/2009","11","52","14","6","29","8"
"12/09/2009","60","44","7","39","43","9"
"09/09/2009","36","20","54","9","3","53"
"05/09/2009","4","15","50","60","43","47"
"02/09/2009","43","1","50","28","57","15"
"29/08/2009","3","35","58","49","2","6"
"26/08/2009","41","19","10","28","55","56"
"22/08/2009","46","23","9","35","11","51"
"19/08/2009","7","12","57","6","24","10"
"15/08/2009","41","33","17","18","7","42"
"12/08/2009","55","44","38","35","14","31"
"08/08/2009","30","20","21","11","50","52"
"05/08/2009","21","48","33","1","56","17"
"01/08/2009","3","41","52","14","13","16"
"29/07/2009","27","23","36","10","21","16"
"25/07/2009","10","9","48","36","41","21"
"22/07/2009","27","49","38","23","41","19"
"18/07/2009","40","30","1","9","33","34"
"15/07/2009","27","56","17","24","49","23"
"11/07/2009","24","9","40","20","36","42"
"08/07/2009","37","48","32","2","18","20"
"04/07/2009","24","42","35","31","6","57"
"01/07/2009","36","46","28","32","3","20"
"27/06/2009","45","4","6","23","10","2"
"24/06/2009","39","50","21","12","40","55"
"20/06/2009","20","5","29","59","40","33"
"17/06/2009","20","28","42","23","10","43"
"13/06/2009","4","40","50","17","55","38"
"10/06/2009","9","56","29","52","16","24"
"06/06/2009","56","11","20","41","34","18"
"03/06/2009","36","12","37","24","5","28"
"30/05/2009","3","6","45","34","41","43"
"27/05/2009","11","6","18","5","37","9"
"23/05/2009","32","33","10","19","42","4"
"20/05/2009","53","39","16","21","10","12"
"16/05/2009","3","47","10","50","29","23"
"13/05/2009","44","36","32","8","34","25"
"09/05/2009","19","18","54","47","43","9"
"06/05/2009","5","37","43","7","53","54"
"02/05/2009","41","53","8","23","5","16"
"29/04/2009","28","17","49","53","45","9"
"25/04/2009","44","48","25","57","27","47"
"22/04/2009","14","10","56","25","4","28"
"18/04/2009","10","43","49","32","25","6"
"15/04/2009","7","57","19","43","39","30"
"11/04/2009","28","4","19","16","49","29"
"08/04/2009","49","1","22","47","44","50"
"04/04/2009","55","8","2","37","23","33"
"01/04/2009","9","41","56","23","21","30"
"28/03/2009","1","41","3","18","16","42"
"25/03/2009","37","1","14","45","12","16"
"21/03/2009","20","51","57","45","24","18"
"18/03/2009","15","49","59","4","3","2"
"14/03/2009","38","8","50","53","59","6"
"11/03/2009","27","32","15","12","20","16"
"07/03/2009","41","27","13","60","14","18"
"04/03/2009","15","42","27","53","34","49"
"28/02/2009","8","11","16","15","57","52"
"25/02/2009","57","11","7","43","10","13"
"21/02/2009","60","14","45","24","33","26"
"18/02/2009","34","17","52","5","2","29"
"14/02/2009","57","3","38","21","28","16"
"11/02/2009","1","2","10","48","14","8"
"07/02/2009","57","40","28","42","54","55"
"04/02/2009","31","6","5","17","50","1"
"31/01/2009","58","10","39","11","13","35"
"28/01/2009","25","14","51","48","60","21"
"24/01/2009","25","46","51","18","13","30"
"21/01/2009","12","10","36","54","44","57"
"17/01/2009","44","1","28","55","6","39"
"14/01/2009","52","2","20","27","36","24"
"10/01/2009","51","7","6","28","35","43"
"07/01/2009","56","36","4","44","46","53"
"03/01/2009","27","39","36","10","41","52"
"31/12/2008","51","60","1","11","59","26"
"27/12/2008","20","42","1","3","49","18"
"24/12/2008","39","6","5","33","54","17"
"20/12/2008","57","43","15","29","26","16"
"17/12/2008","49","33","24","40","46","43"
"13/12/2008","57","8","54","1","23","37"
"10/12/2008","17","5","16","24","20","32"
"06/12/2008","54","26","34","51","20","52"
"03/12/2008","20","18","47","44","60","33"
"29/11/2008","10","33","51","53","6","17"
"26/11/2008","52","40","29","27","28","10"
"22/11/2008","28","53","18","39","22","29"
"19/11/2008","45","40","2","7","18","8"
"16/11/2008","31","21","40","39","56","5"
"12/11/2008","42","55","51","43","2","33"
"08/11/2008","19","32","52","1","2","39"
"05/11/2008","29","47","4","13","46","23"
"01/11/2008","55","51","58","9","44","24"
"29/10/2008","31","51","19","6","56","34"
"25/10/2008","11","9","25","5","60","20"
"22/10/2008","49","8","28","3","26","17"
"18/10/2008","60","57","9","25","8","41"
"15/10/2008","7","9","20","41","12","19"
"11/10/2008","47","19","58","14","40","55"
"08/10/2008","30","2","52","21","11","35"
"04/10/2008","2","46","3","37","13","54"
"01/10/2008","34","12","1","6","58","29"
"27/09/2008","7","15","42","48","34","13"
"24/09/2008","49","27","4","36","52","37"
"20/09/2008","48","17","4","33","55","2"
"17/09/2008","6","41","4","37","12","42"
"13/09/2008","45","47","29","40","44","43"
"10/09/2008","10","27","23","5","16","26"
"06/09/2008","3","31","7","25","40","58"
"03/09/2008","15","37","27","12","60","51"
"30/08/2008","49","58","53","39","38","29"
"27/08/2008","44","36","55","58","18","24"
"23/08/2008","28","21","4","32","3","22"
"20/08/2008","18","53","55","32","9","17"
"16/08/2008","21","23","20","7","29","15"
"13/08/2008","4","54","55","36","16","31"
"09/08/2008","44","40","58","29","3","20"
"06/08/2008","26","25","42","60","5","24"
"02/08/2008","6","8","4","1","25","28"
"30/07/2008","8","38","60","41","15","9"
"26/07/2008","29","18","2","15","10","39"
"23/07/2008","38","21","27","2","29","32"
"19/07/2008","48","17","46","56","60","8"
"16/07/2008","47","27","13","31","34","58"
"12/07/2008","32","6","31","24","15","19"
"09/07/2008","4","56","18","59","46","16"
"05/07/2008","46","20","4","43","47","10"
"02/07/2008","38","45","40","16","32","22"
"28/06/2008","12","24","8","40","43","49"
"25/06/2008","8","41","53","1","58","34"
"21/06/2008","35","17","59","15","36","29"
"18/06/2008","28","3","39","51","31","15"
"14/06/2008","42","58","12","18","16","27"
"11/06/2008","17","3","9","32","7","5"
"07/06/2008","28","53","38","23","14","25"
"04/06/2008","33","9","37","40","41","30"
"31/05/2008","45","20","38","31","16","12"
"28/05/2008","53","36","8","30","1","47"
"24/05/2008","33","18","15","56","31","34"
"21/05/2008","4","14","33","44","11","45"
"17/05/2008","57","34","5","54","28","21"
"14/05/2008","56","35","50","13","41","25"
"10/05/2008","30","4","13","60","51","1"
"07/05/2008","18","14","57","30","13","5"
"03/05/2008","1","58","26","28","4","41"
"30/04/2008","36","39","57","58","5","30"
"26/04/2008","42","13","33","20","8","26"
"23/04/2008","37","17","15","50","48","59"
"19/04/2008","2","48","49","40","55","11"
"16/04/2008","16","53","2","4","21","36"
"12/04/2008","34","6","33","18","53","19"
"09/04/2008","57","3","5","11","33","39"
"05/04/2008","13","22","7","33","51","48"
"02/04/2008","50","32","25","34","57","24"
"29/03/2008","46","51","47","59","54","57"
"26/03/2008","35","5","32","21","33","12"
"22/03/2008","8","5","24","18","57","33"
"19/03/2008","55","48","1","39","16","42"
"15/03/2008","54","11","27","18","2","30"
"12/03/2008","49","24","39","34","55","14"
"08/03/2008","48","59","49","41","42","23"
"05/03/2008","44","1","51","52","41","23"
"01/03/2008","22","44","41","46","52","54"
"27/02/2008","33","11","3","58","14","5"
"23/02/2008","59","1","47","5","52","12"
"20/02/2008","44","8","59","54","4","27"
"16/02/2008","16","58","43","37","52","59"
"13/02/2008","47","41","58","3","23","12"
"09/02/2008","5","52","18","8","59","42"
"06/02/2008","11","15","10","27","60","53"
"02/02/2008","25","33","51","31","5","37"
"30/01/2008","6","23","19","50","37","49"
"26/01/2008","35","15","27","57","50","59"
"23/01/2008","22","41","2","30","21","52"
"19/01/2008","5","33","14","29","44","22"
"16/01/2008","7","45","18","13","29","31"
"12/01/2008","25","48","44","3","21","1"
"09/01/2008","25","39","45","51","8","14"
"05/01/2008","2","21","42","53","36","17"
"31/12/2007","17","34","7","36","39","19"
"22/12/2007","46","20","55","37","28","49"
"19/12/2007","16","49","35","39","57","27"
"15/12/2007","32","10","49","60","4","33"
"12/12/2007","36","26","31","23","19","33"
"08/12/2007","40","41","34","33","21","59"
"05/12/2007","52","37","46","8","22","36"
"01/12/2007","51","27","60","21","20","2"
"28/11/2007","53","39","2","50","57","15"
"24/11/2007","41","49","45","19","13","12"
"21/11/2007","35","41","1","57","9","48"
"17/11/2007","17","57","55","24","52","5"
"14/11/2007","43","25","41","60","31","3"
"10/11/2007","38","44","8","4","12","52"
"07/11/2007","23","59","25","47","46","30"
"03/11/2007","33","37","5","38","28","36"
"31/10/2007","20","28","49","26","17","48"
"27/10/2007","33","51","9","23","45","12"
"24/10/2007","30","14","59","36","46","38"
"20/10/2007","26","21","54","4","19","29"
"17/10/2007","49","46","1","29","6","28"
"13/10/2007","53","29","36","3","15","27"
"10/10/2007","42","17","26","38","28","22"
"06/10/2007","19","1","9","25","50","52"
"03/10/2007","9","41","53","37","36","51"
"29/09/2007","35","39","29","24","7","14"
"26/09/2007","4","15","57","55","2","16"
"22/09/2007","32","44","59","53","48","51"
"19/09/2007","17","5","32","55","20","41"
"15/09/2007","52","55","23","50","58","18"
"12/09/2007","32","34","16","13","56","33"
"08/09/2007","4","21","59","18","38","34"
"05/09/2007","58","18","54","36","53","20"
"01/09/2007","4","8","3","54","45","30"
"29/08/2007","21","57","46","22","7","43"
"25/08/2007","31","11","41","35","22","5"
"22/08/2007","2","55","41","43","57","58"
"18/08/2007","37","24","44","28","20","41"
"15/08/2007","56","53","51","26","18","3"
"11/08/2007","1","49","52","42","19","44"
"08/08/2007","15","22","19","35","34","16"
"04/08/2007","9","21","22","7","17","54"
"01/08/2007","34","54","20","39","60","24"
"28/07/2007","50","24","40","54","52","60"
"25/07/2007","44","12","32","21","1","34"
"21/07/2007","50","55","37","33","59","17"
"18/07/2007","13","4","31","33","47","51"
"14/07/2007","22","11","2","14","39","12"
"11/07/2007","21","37","60","32","52","53"
"07/07/2007","42","45","44","60","41","17"
"04/07/2007","43","24","4","51","18","56"
"30/06/2007","51","30","49","25","37","46"
"27/06/2007","29","10","46","35","42","28"
"23/06/2007","37","12","43","38","11","54"
"20/06/2007","13","15","20","31","28","36"
"16/06/2007","4","12","41","45","60","8"
"13/06/2007","53","18","36","58","24","20"
"09/06/2007","59","20","52","42","44","10"
"06/06/2007","57","59","4","34","19","30"
"02/06/2007","18","55","58","43","31","5"
"30/05/2007","17","5","58","1","47","10"
"26/05/2007","52","8","43","34","40","21"
"23/05/2007","29","42","50","51","49","27"
"19/05/2007","57","51","21","22","25","40"
"16/05/2007","54","26","28","19","44","10"
"12/05/2007","36","48","27","40","5","46"
"09/05/2007","27","23","41","51","26","53"
"05/05/2007","31","11","33","42","57","8"
"02/05/2007","32","53","50","57","15","24"
"28/04/2007","19","35","12","2","11","8"
"25/04/2007","42","40","60","59","47","39"
"23/04/2007","22","8","17","42","44","2"
"18/04/2007","46","47","12","57","34","9"
"14/04/2007","31","37","54","23","4","18"
"11/04/2007","17","59","49","2","3","50"
"07/04/2007","11","40","41","47","15","42"
"04/04/2007","42","3","24","53","43","31"
"31/03/2007","17","3","24","27","44","25"
"28/03/2007","51","30","59","46","38","56"
"24/03/2007","14","38","6","23","44","34"
"21/03/2007","16","32","35","58","19","3"
"17/03/2007","60","22","59","25","44","7"
"14/03/2007","8","39","9","58","44","49"
"10/03/2007","56","34","17","32","47","27"
"07/03/2007","42","14","44","27","15","48"
"03/03/2007","47","54","2","50","3","44"
"28/02/2007","40","48","19","20","14","52"
"24/02/2007","54","24","44","57","34","16"
"17/02/2007","34","48","1","16","45","36"
"14/02/2007","51","44","60","9","7","30"
"10/02/2007","36","51","32","22","38","7"
"07/02/2007","43","29","35","59","31","17"
"03/02/2007","11","18","8","7","37","43"
"31/01/2007","9","30","47","38","23","44"
"27/01/2007","16","5","24","34","6","60"
"24/01/2007","28","22","38","17","52","59"
"20/01/2007","58","31","57","49","33","18"
"17/01/2007","44","10","17","16","51","34"
"13/01/2007","53","58","57","16","46","13"
"10/01/2007","17","49","15","33","39","23"
"06/01/2007","3","50","48","42","32","33"
"03/01/2007","53","51","2","41","13","49"
"31/12/2006","32","50","14","47","10","56"
"23/12/2006","23","50","53","42","28","38"
"21/12/2006","24","56","30","51","42","18"
"19/12/2006","45","6","8","7","53","27"
"16/12/2006","28","21","40","10","41","47"
"13/12/2006","33","48","6","7","20","9"
"09/12/2006","15","26","59","1","54","51"
"06/12/2006","4","17","41","10","27","52"
"02/12/2006","4","29","38","36","33","42"
"29/11/2006","17","45","32","21","10","46"
"25/11/2006","51","5","58","46","25","19"
"22/11/2006","44","41","22","8","9","25"
"18/11/2006","34","43","29","30","10","52"
"16/11/2006","21","47","40","52","30","20"
"11/11/2006","57","50","9","39","37","19"
"08/11/2006","11","2","46","50","8","41"
"04/11/2006","23","15","56","46","9","45"
"01/11/2006","57","39","54","11","38","13"
"28/10/2006","32","57","28","41","10","47"
"25/10/2006","4","33","1","48","5","37"
"21/10/2006","25","23","11","5","30","15"
"18/10/2006","15","21","31","46","2","57"
"14/10/2006","8","27","2","32","56","49"
"12/10/2006","60","41","47","26","35","18"
"07/10/2006","30","2","48","60","43","36"
"04/10/2006","13","59","37","56","3","47"
"30/09/2006","10","57","28","3","5","21"
"27/09/2006","14","24","60","6","18","48"
"23/09/2006","20","22","11","19","48","42"
"20/09/2006","1","7","56","11","37","38"
"16/09/2006","29","35","19","57","42","55"
"13/09/2006","32","9","4","52","29","3"
"09/09/2006","58","48","52","47","12","6"
"06/09/2006","19","24","43","34","39","5"
"02/09/2006","14","36","21","29","26","48"
"30/08/2006","56","47","55","38","42","3"
"26/08/2006","3","51","33","15","16","57"
"23/08/2006","43","56","9","45","29","34"
"19/08/2006","42","35","19","9","14","58"
"16/08/2006","22","2","19","28","43","6"
"12/08/2006","60","39","31","38","6","50"
"09/08/2006","31","57","17","19","29","44"
"05/08/2006","37","31","20","60","34","54"
"02/08/2006","27","31","26","11","10","41"
"29/07/2006","35","5","37","8","48","17"
"26/07/2006","42","56","8","37","27","53"
"22/07/2006","43","21","48","8","4","32"
"19/07/2006","11","23","59","42","35","2"
"15/07/2006","10","54","8","39","56","13"
"12/07/2006","10","50","28","51","59","7"
"08/07/2006","36","54","52","25","29","26"
"05/07/2006","45","20","36","37","31","51"
"01/07/2006","14","50","23","2","28","56"
"28/06/2006","57","35","60","41","3","15"
"24/06/2006","27","12","46","47","42","50"
"21/06/2006","37","5","54","58","46","10"
"17/06/2006","3","5","51","29","34","14"
"14/06/2006","38","51","52","60","10","35"
"10/06/2006","29","46","34","47","21","14"
"07/06/2006","4","34","25","35","48","12"
"03/06/2006","20","21","50","29","12","16"
"31/05/2006","33","37","59","30","4","8"
"27/05/2006","22","50","32","38","54","15"
"24/05/2006","1","50","19","42","24","58"
"21/05/2006","3","37","50","16","30","10"
"18/05/2006","7","3","55","47","53","45"
"13/05/2006","40","47","1","48","9","26"
"10/05/2006","39","9","21","12","37","54"
"06/05/2006","56","29","17","13","27","40"
"03/05/2006","12","17","60","44","46","45"
"29/04/2006","59","39","30","31","48","45"
"26/04/2006","47","59","1","23","36","43"
"22/04/2006","17","32","12","18","58","30"
"19/04/2006","37","50","41","5","38","27"
"15/04/2006","59","30","47","12","4","49"
"12/04/2006","4","42","34","50","3","13"
"08/04/2006","59","35","43","22","7","2"
"05/04/2006","25","4","29","42","24","23"
"01/04/2006","4","25","38","50","20","7"
"29/03/2006","58","17","54","10","42","33"
"25/03/2006","24","47","4","57","48","50"
"22/03/2006","1","7","19","51","35","2"
"18/03/2006","21","23","56","12","3","2"
"15/03/2006","49","12","10","57","25","1"
"11/03/2006","21","57","37","16","43","2"
"08/03/2006","26","46","12","23","39","4"
"04/03/2006","54","20","32","60","25","23"
"01/03/2006","34","17","7","41","2","50"
"25/02/2006","26","39","27","24","59","36"
"22/02/2006","29","47","12","50","16","28"
"18/02/2006","6","45","56","49","35","10"
"15/02/2006","15","30","14","42","26","54"
"11/02/2006","33","12","24","38","11","32"
"08/02/2006","1","21","38","41","56","49"
"04/02/2006","40","42","15","52","38","9"
"01/02/2006","44","45","27","29","43","54"
"28/01/2006","12","26","31","43","46","2"
"25/01/2006","49","19","53","50","17","6"
"21/01/2006","35","6","15","23","28","16"
"18/01/2006","45","15","2","54","16","50"
"14/01/2006","33","56","18","57","43","5"
"11/01/2006","44","42","13","8","24","32"
"07/01/2006","14","42","12","4","59","30"
"04/01/2006","40","47","1","5","7","37"
"31/12/2005","49","9","3","35","37","41"
"21/12/2005","34","51","55","17","48","27"
"17/12/2005","16","6","52","1","36","50"
"14/12/2005","60","36","57","18","44","9"
"10/12/2005","14","3","23","55","36","25"
"07/12/2005","12","56","44","51","31","54"
"03/12/2005","39","47","37","53","32","3"
"30/11/2005","7","35","21","39","58","33"
"26/11/2005","28","35","41","17","6","23"
"23/11/2005","29","2","7","50","16","32"
"19/11/2005","54","36","12","4","33","24"
"16/11/2005","17","53","39","8","7","35"
"12/11/2005","46","1","26","16","12","54"
"09/11/2005","35","7","53","58","8","43"
"05/11/2005","10","5","41","59","40","33"
"29/10/2005","46","25","5","49","39","34"
"26/10/2005","29","22","44","9","6","4"
"22/10/2005","45","13","39","47","9","7"
"19/10/2005","51","8","1","43","10","36"
"15/10/2005","22","10","17","7","2","60"
"08/10/2005","3","15","11","13","26","43"
"05/10/2005","2","27","50","34","18","4"
"01/10/2005","30","24","2","45","11","27"
"28/09/2005","1","56","18","58","45","57"
"24/09/2005","13","1","31","23","60","48"
"21/09/2005","2","3","24","40","31","14"
"19/09/2005","53","17","50","23","54","48"
"14/09/2005","22","8","27","43","55","12"
"10/09/2005","53","35","32","31","28","51"
"03/09/2005","37","16","34","57","53","9"
"31/08/2005","13","40","21","52","6","11"
"27/08/2005","15","19","29","53","37","41"
"24/08/2005","14","50","41","17","31","13"
"20/08/2005","33","18","60","11","58","57"
"17/08/2005","55","16","58","8","37","50"
"13/08/2005","15","41","8","47","12","53"
"10/08/2005","6","60","7","31","49","51"
"06/08/2005","47","30","52","11","21","35"
"03/08/2005","59","48","1","7","41","14"
"30/07/2005","33","5","4","54","15","26"
"27/07/2005","33","27","5","56","12","43"
"23/07/2005","50","37","33","40","19","17"
"20/07/2005","43","40","12","11","2","35"
"16/07/2005","60","37","47","36","4","27"
"13/07/2005","59","21","53","25","58","38"
"09/07/2005","44","2","26","5","3","22"
"06/07/2005","37","21","54","3","58","25"
"02/07/2005","44","46","31","14","40","42"
"29/06/2005","25","10","48","8","32","55"
"25/06/2005","49","32","15","9","41","42"
"22/06/2005","50","42","30","25","43","24"
"18/06/2005","22","32","18","29","42","38"
"15/06/2005","6","40","37","11","20","34"
"11/06/2005","43","34","53","38","28","24"
"08/06/2005","27","16","39","51","9","38"
"04/06/2005","42","59","58","37","48","22"
"01/06/2005","7","41","24","40","49","27"
"28/05/2005","49","33","56","2","14","1"
"25/05/2005","5","23","16","4","49","1"
"21/05/2005","7","26","16","29","45","55"
"18/05/2005","8","47","7","48","25","18"
"14/05/2005","12","1","55","59","38","36"
"11/05/2005","1","49","30","55","27","51"
"07/05/2005","4","60","56","25","18","23"
"04/05/2005","42","40","27","4","55","36"
"30/04/2005","53","5","38","54","46","11"
"27/04/2005","14","29","40","34","51","52"
"23/04/2005","41","20","36","3","11","6"
"20/04/2005","20","59","58","33","60","16"
"16/04/2005","59","37","46","36","35","51"
"13/04/2005","26","39","1","37","43","48"
"09/04/2005","10","11","56","40","41","6"
"06/04/2005","31","24","19","34","9","5"
"02/04/2005","24","18","57","56","10","20"
"30/03/2005","39","45","28","26","48","60"
"26/03/2005","53","59","25","29","10","24"
"23/03/2005","9","54","41","48","33","24"
"19/03/2005","5","48","23","42","45","29"
"16/03/2005","56","19","11","14","12","54"
"12/03/2005","13","47","60","32","49","10"
"09/03/2005","52","48","24","53","54","3"
"05/03/2005","57","29","31","27","34","14"
"02/03/2005","14","45","24","37","40","42"
"26/02/2005","51","17","56","36","44","40"
"23/02/2005","17","13","33","9","1","34"
"19/02/2005","12","42","59","46","19","60"
"16/02/2005","51","39","35","60","45","13"
"12/02/2005","42","10","50","41","11","36"
"05/02/2005","52","58","43","48","11","18"
"02/02/2005","30","32","34","50","28","26"
"29/01/2005","49","42","37","8","20","26"
"26/01/2005","13","41","24","42","10","56"
"22/01/2005","27","46","5","50","11","22"
"19/01/2005","2","54","48","51","19","28"
"15/01/2005","1","28","47","20","44","32"
"12/01/2005","16","53","20","60","12","45"
"08/01/2005","40","47","39","16","51","15"
"05/01/2005","8","16","22","56","58","30"
"29/12/2004","19","13","45","58","56","1"
"22/12/2004","49","8","22","18","7","39"
"18/12/2004","59","12","32","42","24","40"
"15/12/2004","39","23","34","52","8","43"
"11/12/2004","42","23","55","30","9","49"
"08/12/2004","59","27","19","29","50","38"
"04/12/2004","29","31","50","26","57","49"
"01/12/2004","22","1","29","13","32","3"
"27/11/2004","16","12","46","14","8","19"
"24/11/2004","60","10","3","8","24","13"
"20/11/2004","25","5","49","36","33","3"
"17/11/2004","24","16","26","54","12","2"
"13/11/2004","27","31","8","10","51","5"
"10/11/2004","60","31","12","48","57","16"
"06/11/2004","54","55","13","44","6","19"
"03/11/2004","55","33","15","50","53","18"
"30/10/2004","22","21","33","16","48","49"
"27/10/2004","25","49","30","43","47","45"
"23/10/2004","15","2","59","60","6","58"
"20/10/2004","30","6","37","19","24","13"
"16/10/2004","6","59","11","27","19","41"
"13/10/2004","41","6","23","55","32","35"
"09/10/2004","44","52","53","4","49","24"
"06/10/2004","41","49","51","25","15","46"
"02/10/2004","4","8","11","29","12","44"
"29/09/2004","38","60","13","7","55","46"
"25/09/2004","37","19","29","30","10","22"
"22/09/2004","18","39","54","34","31","16"
"18/09/2004","6","45","51","9","23","4"
"15/09/2004","5","16","53","38","50","34"
"11/09/2004","42","40","27","22","56","29"
"08/09/2004","43","60","28","11","54","14"
"04/09/2004","54","2","43","1","50","25"
"01/09/2004","10","53","55","29","13","47"
"28/08/2004","27","29","1","59","25","49"
"25/08/2004","55","14","59","47","13","42"
"21/08/2004","58","3","18","50","34","1"
"18/08/2004","25","51","5","18","4","28"
"14/08/2004","13","7","33","59","6","8"
"11/08/2004","45","13","46","55","53","11"
"07/08/2004","30","2","36","18","60","29"
"04/08/2004","45","38","13","11","54","39"
"31/07/2004","24","39","12","33","57","36"
"28/07/2004","30","53","23","7","32","8"
"24/07/2004","55","6","41","20","43","7"
"21/07/2004","13","40","29","59","45","51"
"17/07/2004","30","25","52","14","39","17"
"14/07/2004","38","16","18","28","15","47"
"10/07/2004","15","34","39","17","4","9"
"07/07/2004","48","3","58","18","56","23"
"03/07/2004","31","47","28","23","8","24"
"30/06/2004","18","43","52","39","7","8"
"26/06/2004","18","29","21","48","35","5"
"23/06/2004","32","23","2","10","44","17"
"19/06/2004","59","29","17","6","40","22"
"16/06/2004","33","3","20","60","9","16"
"12/06/2004","14","31","12","13","51","50"
"09/06/2004","35","32","36","33","51","15"
"05/06/2004","32","15","14","9","3","57"
"02/06/2004","25","41","17","29","13","22"
"29/05/2004","57","58","11","38","41","31"
"26/05/2004","17","6","20","18","13","37"
"22/05/2004","31","37","35","7","45","34"
"19/05/2004","38","13","32","20","10","49"
"15/05/2004","34","8","23","44","51","5"
"12/05/2004","37","35","23","16","57","55"
"08/05/2004","39","49","36","20","55","1"
"05/05/2004","32","18","11","30","2","58"
"01/05/2004","53","25","36","13","17","6"
"28/04/2004","59","57","7","58","31","14"
"24/04/2004","18","49","38","23","8","12"
"21/04/2004","8","45","30","33","17","10"
"17/04/2004","49","5","23","33","45","31"
"14/04/2004","47","29","31","15","60","42"
"10/04/2004","43","46","58","53","54","4"
"07/04/2004","22","54","52","47","49","9"
"03/04/2004","56","48","57","21","12","46"
"31/03/2004","17","56","16","38","39","45"
"27/03/2004","13","51","58","22","46","8"
"24/03/2004","51","49","14","47","59","58"
"20/03/2004","4","59","13","53","28","30"
"17/03/2004","46","4","54","17","13","5"
"13/03/2004","43","35","57","29","40","17"
"10/03/2004","11","33","56","47","17","34"
"06/03/2004","35","54","37","42","49","46"
"03/03/2004","49","4","19","28","35","6"
"28/02/2004","58","57","27","13","49","52"
"21/02/2004","22","4","30","44","28","49"
"18/02/2004","16","50","55","6","47","19"
"14/02/2004","45","43","56","25","52","3"
"11/02/2004","37","3","19","34","39","7"
"07/02/2004","14","22","25","15","37","23"
"04/02/2004","49","14","47","56","6","28"
"31/01/2004","48","57","23","8","31","3"
"28/01/2004","27","18","13","59","21","53"
"24/01/2004","13","4","12","53","9","52"
"21/01/2004","3","1","35","7","18","50"
"17/01/2004","32","21","25","1","6","49"
"14/01/2004","56","45","13","33","38","1"
"10/01/2004","34","28","37","12","8","31"
"07/01/2004","17","14","50","52","6","26"
"03/01/2004","3","59","21","36","55","31"
"27/12/2003","26","32","24","49","8","10"
"20/12/2003","47","29","34","48","19","41"
"17/12/2003","45","58","40","39","28","44"
"13/12/2003","49","52","15","25","14","6"
"10/12/2003","28","32","38","25","15","45"
"06/12/2003","32","34","17","35","9","12"
"03/12/2003","9","36","15","19","42","22"
"29/11/2003","44","8","5","15","18","10"
"26/11/2003","51","32","8","28","38","7"
"22/11/2003","24","5","34","13","35","33"
"19/11/2003","39","16","57","15","45","48"
"15/11/2003","15","52","40","36","51","42"
"12/11/2003","46","10","27","19","33","39"
"08/11/2003","8","40","58","4","53","31"
"05/11/2003","8","36","34","37","3","4"
"01/11/2003","30","45","58","1","4","41"
"29/10/2003","32","55","34","35","28","33"
"25/10/2003","46","56","5","15","45","10"
"22/10/2003","44","58","5","27","33","3"
"18/10/2003","31","37","34","15","38","4"
"15/10/2003","47","20","52","3","46","28"
"11/10/2003","39","19","11","8","50","30"
"08/10/2003","10","21","48","27","49","7"
"04/10/2003","50","7","33","21","24","13"
"01/10/2003","34","27","56","28","16","39"
"27/09/2003","35","21","54","29","38","36"
"20/09/2003","59","1","11","5","44","4"
"17/09/2003","49","28","2","6","57","50"
"13/09/2003","9","41","32","13","58","20"
"10/09/2003","41","20","19","29","59","10"
"06/09/2003","36","15","60","8","29","49"
"03/09/2003","28","32","49","53","18","20"
"30/08/2003","54","20","3","18","42","24"
"27/08/2003","57","2","15","6","56","18"
"23/08/2003","22","43","15","55","9","1"
"20/08/2003","5","11","29","54","23","58"
"16/08/2003","28","36","17","53","33","59"
"13/08/2003","30","39","35","43","15","57"
"09/08/2003","25","22","48","52","54","8"
"06/08/2003","50","42","19","8","30","14"
"02/08/2003","38","28","52","30","19","57"
"30/07/2003","53","19","38","18","17","49"
"26/07/2003","16","23","35","18","44","59"
"23/07/2003","13","56","12","33","53","54"
"19/07/2003","42","6","24","44","22","13"
"16/07/2003","36","38","33","14","49","41"
"12/07/2003","20","54","58","26","41","46"
"09/07/2003","30","8","31","3","21","25"
"05/07/2003","47","34","8","6","18","38"
"02/07/2003","38","43","20","55","17","58"
"28/06/2003","19","6","43","52","8","22"
"25/06/2003","34","3","12","50","32","40"
"21/06/2003","51","7","58","49","23","41"
"18/06/2003","12","3","38","29","51","4"
"14/06/2003","51","59","31","5","36","32"
"11/06/2003","51","58","23","11","8","37"
"07/06/2003","29","47","42","21","13","26"
"04/06/2003","23","6","25","39","51","5"
"31/05/2003","38","21","8","22","18","60"
"28/05/2003","28","16","45","29","30","11"
"24/05/2003","46","31","1","57","22","51"
"21/05/2003","6","33","45","38","24","50"
"17/05/2003","7","18","2","45","3","53"
"14/05/2003","27","48","17","19","26","22"
"10/05/2003","30","17","20","29","15","60"
"07/05/2003","19","55","30","23","37","49"
"03/05/2003","43","17","8","15","49","39"
"30/04/2003","43","53","13","32","34","24"
"26/04/2003","48","15","24","27","17","32"
"23/04/2003","17","40","22","27","33","3"
"19/04/2003","50","15","17","2","14","59"
"16/04/2003","4","17","42","56","46","24"
"12/04/2003","58","52","8","34","20","23"
"09/04/2003","54","11","51","16","36","30"
"05/04/2003","23","18","31","17","53","28"
"02/04/2003","59","51","13","1","9","50"
"29/03/2003","34","56","24","1","49","8"
"26/03/2003","5","3","52","45","9","51"
"22/03/2003","24","55","15","33","25","42"
"19/03/2003","11","20","8","47","12","17"
"15/03/2003","31","50","7","53","32","20"
"12/03/2003","48","52","57","24","3","33"
"08/03/2003","11","36","17","26","52","48"
"01/03/2003","15","31","23","6","59","37"
"26/02/2003","2","15","58","10","59","21"
"22/02/2003","46","23","30","47","5","3"
"19/02/2003","42","13","20","29","43","57"
"15/02/2003","38","48","14","3","11","5"
"12/02/2003","54","10","59","44","30","7"
"08/02/2003","1","6","57","29","48","7"
"05/02/2003","37","11","17","31","43","10"
"01/02/2003","24","17","4","54","30","10"
"29/01/2003","36","17","28","16","54","30"
"25/01/2003","50","17","13","27","4","39"
"22/01/2003","58","26","40","37","47","52"
"18/01/2003","50","21","10","25","38","8"
"15/01/2003","55","32","17","36","26","43"
"11/01/2003","60","8","32","28","46","30"
"08/01/2003","51","13","43","24","3","14"
"04/01/2003","7","32","54","50","30","37"
"28/12/2002","6","16","10","34","47","42"
"21/12/2002","29","36","27","18","59","46"
"18/12/2002","8","22","33","40","32","53"
"14/12/2002","60","12","56","37","55","43"
"11/12/2002","38","45","35","37","5","51"
"07/12/2002","43","12","59","30","57","29"
"04/12/2002","41","42","52","53","16","9"
"30/11/2002","45","8","32","49","15","52"
"27/11/2002","25","7","12","21","42","34"
"23/11/2002","13","1","23","56","54","33"
"20/11/2002","38","44","4","1","27","42"
"16/11/2002","35","26","58","52","45","16"
"13/11/2002","35","53","29","33","2","4"
"09/11/2002","45","5","14","21","59","12"
"06/11/2002","10","56","12","31","45","38"
"02/11/2002","31","55","36","24","8","38"
"30/10/2002","26","49","25","18","31","34"
"26/10/2002","49","44","33","28","56","14"
"23/10/2002","49","2","18","51","22","57"
"19/10/2002","47","32","48","12","38","2"
"16/10/2002","57","60","34","24","29","47"
"12/10/2002","24","38","58","1","40","28"
"09/10/2002","46","31","7","16","60","27"
"05/10/2002","27","43","58","5","16","56"
"02/10/2002","50","18","44","53","11","43"
"28/09/2002","29","59","13","10","54","28"
"25/09/2002","59","55","16","27","47","11"
"21/09/2002","28","7","16","37","36","22"
"18/09/2002","32","24","2","5","1","46"
"14/09/2002","47","18","6","45","34","42"
"11/09/2002","11","58","31","14","10","20"
"07/09/2002","15","49","42","5","45","35"
"04/09/2002","12","50","36","6","35","40"
"31/08/2002","49","47","39","31","15","23"
"28/08/2002","7","15","35","16","40","4"
"24/08/2002","7","22","34","12","38","53"
"21/08/2002","46","14","54","18","43","5"
"17/08/2002","52","48","53","58","23","36"
"14/08/2002","29","28","48","47","43","22"
"10/08/2002","39","54","43","36","17","35"
"07/08/2002","22","12","24","18","5","16"
"03/08/2002","28","50","47","24","40","52"
"31/07/2002","48","22","53","56","50","14"
"27/07/2002","54","38","53","31","37","34"
"24/07/2002","9","56","46","28","10","55"
"20/07/2002","47","22","13","30","31","57"
"17/07/2002","41","55","24","59","33","40"
"13/07/2002","55","45","48","41","5","38"
"10/07/2002","46","19","3","45","12","27"
"06/07/2002","25","13","10","43","35","48"
"03/07/2002","51","9","42","5","58","1"
"29/06/2002","54","2","26","5","44","16"
"26/06/2002","31","33","24","10","5","1"
"22/06/2002","24","17","46","57","16","39"
"19/06/2002","23","33","39","4","60","18"
"15/06/2002","51","42","4","54","1","40"
"12/06/2002","21","42","1","60","35","14"
"08/06/2002","13","50","38","32","44","29"
"05/06/2002","52","49","27","33","12","10"
"01/06/2002","6","4","51","7","21","15"
"29/05/2002","52","19","34","37","58","23"
"25/05/2002","59","44","29","5","51","57"
"22/05/2002","39","54","29","49","47","19"
"18/05/2002","37","20","33","46","7","56"
"15/05/2002","41","28","45","31","16","59"
"11/05/2002","47","24","29","55","53","23"
"08/05/2002","31","54","20","29","13","19"
"04/05/2002","40","42","32","12","21","17"
"27/04/2002","45","53","32","2","30","35"
"24/04/2002","54","19","5","58","56","21"
"20/04/2002","2","37","22","60","14","23"
"17/04/2002","40","52","38","16","7","41"
"13/04/2002","60","46","30","55","23","19"
"10/04/2002","49","7","47","25","20","44"
"06/04/2002","15","16","59","60","24","41"
"03/04/2002","23","30","43","10","15","57"
"30/03/2002","9","38","32","8","54","28"
"27/03/2002","39","40","33","52","19","30"
"23/03/2002","26","10","52","1","12","48"
"20/03/2002","56","7","46","60","41","12"
"16/03/2002","56","11","58","46","51","22"
"13/03/2002","33","36","12","35","10","14"
"09/03/2002","4","6","7","24","12","41"
"06/03/2002","29","49","54","51","16","34"
"02/03/2002","56","23","22","43","16","5"
"27/02/2002","10","60","42","9","33","12"
"23/02/2002","13","16","12","5","27","50"
"20/02/2002","48","46","9","1","36","4"
"16/02/2002","31","52","14","54","16","4"
"09/02/2002","2","18","54","22","30","26"
"06/02/2002","43","33","57","23","59","7"
"02/02/2002","41","26","51","14","24","23"
"30/01/2002","35","27","53","44","52","4"
"26/01/2002","28","23","42","29","44","34"
"23/01/2002","27","1","35","20","37","13"
"19/01/2002","2","4","23","37","14","51"
"16/01/2002","24","11","40","12","35","10"
"12/01/2002","51","5","23","7","14","21"
"09/01/2002","46","38","29","33","32","48"
"05/01/2002","52","23","40","51","44","21"
"29/12/2001","4","23","3","1","21","53"
"22/12/2001","22","8","30","15","47","25"
"19/12/2001","31","49","54","33","26","40"
"15/12/2001","18","11","29","44","47","56"
"12/12/2001","11","31","32","48","49","4"
"08/12/2001","20","53","47","50","22","27"
"05/12/2001","12","16","23","17","19","48"
"01/12/2001","19","53","40","3","31","20"
"28/11/2001","27","20","48","16","30","35"
"24/11/2001","28","51","56","6","24","43"
"21/11/2001","50","21","43","12","28","22"
"17/11/2001","5","32","40","58","37","34"
"14/11/2001","14","38","53","24","16","37"
"10/11/2001","14","30","50","41","47","23"
"07/11/2001","32","22","24","41","30","38"
"03/11/2001","28","14","29","2","31","32"
"31/10/2001","39","50","25","55","11","4"
"27/10/2001","55","25","4","11","29","39"
"24/10/2001","26","17","13","41","16","44"
"20/10/2001","30","19","57","41","56","47"
"17/10/2001","11","5","27","60","38","53"
"13/10/2001","42","7","11","34","59","41"
"10/10/2001","7","13","30","37","47","17"
"06/10/2001","25","40","12","60","30","41"
"03/10/2001","58","26","49","57","48","9"
"29/09/2001","27","57","41","38","28","24"
"26/09/2001","7","5","2","53","33","49"
"22/09/2001","22","34","24","23","5","60"
"19/09/2001","20","28","41","1","33","36"
"15/09/2001","20","51","42","3","52","46"
"12/09/2001","24","44","7","31","12","50"
"08/09/2001","28","45","41","22","57","25"
"05/09/2001","6","12","35","5","28","7"
"01/09/2001","24","34","53","45","23","13"
"29/08/2001","22","16","5","41","18","17"
"25/08/2001","57","30","7","25","40","26"
"22/08/2001","36","6","30","20","7","25"
"18/08/2001","50","9","18","11","6","17"
"15/08/2001","60","47","3","33","25","13"
"11/08/2001","44","37","56","29","47","35"
"08/08/2001","50","56","41","12","32","37"
"04/08/2001","8","36","14","32","30","7"
"01/08/2001","48","34","28","54","25","42"
"28/07/2001","33","24","36","9","14","23"
"21/07/2001","11","5","47","31","53","38"
"14/07/2001","5","16","30","25","58","20"
"07/07/2001","31","59","4","58","23","47"
"30/06/2001","22","10","18","55","15","31"
"23/06/2001","40","26","38","4","56","52"
"16/06/2001","53","59","39","45","22","57"
"09/06/2001","16","30","19","38","48","37"
"02/06/2001","11","39","47","18","13","26"
"26/05/2001","47","52","10","27","23","17"
"19/05/2001","36","58","9","10","56","24"
"12/05/2001","14","31","54","29","26","24"
"05/05/2001","45","27","35","40","5","9"
"28/04/2001","19","18","52","25","17","49"
"21/04/2001","21","10","47","6","5","33"
"14/04/2001","58","1","45","55","8","46"
"07/04/2001","38","54","48","23","2","46"
"31/03/2001","7","50","53","16","41","34"
"24/03/2001","5","25","31","13","1","33"
"17/03/2001","8","50","26","9","53","43"
"10/03/2001","53","60","48","20","58","11"
"03/03/2001","5","54","20","56","30","16"
"24/02/2001","43","4","60","59","6","33"
"17/02/2001","20","43","33","13","15","58"
"10/02/2001","12","60","54","7","55","50"
"03/02/2001","28","5","1","34","4","19"
"27/01/2001","21","52","34","26","2","32"
"20/01/2001","32","44","55","19","20","16"
"13/01/2001","4","30","56","21","22","1"
"06/01/2001","12","11","56","44","24","37"
"30/12/2000","17","54","4","51","32","26"
"23/12/2000","34","15","23","55","49","30"
"16/12/2000","55","25","41","42","43","7"
"09/12/2000","21","55","54","40","36","49"
"02/12/2000","56","16","34","41","35","32"
"25/11/2000","34","3","30","10","23","46"
"18/11/2000","2","57","32","43","16","37"
"11/11/2000","44","51","27","53","8","60"
"04/11/2000","19","60","50","24","47","33"
"28/10/2000","20","47","23","32","16","11"
"21/10/2000","22","7","4","21","28","56"
"14/10/2000","11","57","40","35","56","31"
"07/10/2000","59","28","25","41","57","38"
"30/09/2000","33","21","44","46","47","6"
"23/09/2000","15","9","41","13","37","42"
"16/09/2000","36","7","45","31","56","57"
"09/09/2000","10","52","50","57","25","60"
"02/09/2000","29","41","55","2","31","22"
"26/08/2000","15","45","54","25","42","41"
"19/08/2000","45","3","24","36","7","32"
"12/08/2000","29","19","41","22","37","59"
"05/08/2000","16","59","27","42","44","36"
"29/07/2000","56","44","41","40","8","53"
"22/07/2000","39","45","11","21","33","13"
"15/07/2000","16","40","45","59","43","13"
"08/07/2000","37","26","27","42","11","48"
"01/07/2000","2","50","59","38","49","1"
"24/06/2000","21","16","4","37","2","58"
"17/06/2000","20","16","18","7","44","21"
"10/06/2000","28","24","22","2","58","6"
"03/06/2000","5","48","30","55","52","19"
"27/05/2000","54","13","58","43","50","27"
"20/05/2000","36","53","55","13","60","14"
"13/05/2000","26","23","49","28","42","36"
"06/05/2000","54","40","42","17","47","12"
"29/04/2000","27","32","3","51","49","45"
"22/04/2000","35","42","59","18","30","14"
"15/04/2000","7","58","28","53","37","46"
"08/04/2000","30","12","6","50","35","31"
"01/04/2000","3","30","9","35","23","32"
"25/03/2000","29","57","15","45","59","6"
"18/03/2000","10","20","40","45","50","33"
"11/03/2000","37","58","20","38","48","32"
"04/03/2000","13","52","32","41","21","26"
"26/02/2000","23","15","57","24","47","25"
"19/02/2000","19","7","3","55","24","53"
"12/02/2000","20","26","56","18","34","51"
"05/02/2000","26","32","54","43","46","40"
"29/01/2000","31","41","51","39","58","29"
"22/01/2000","11","55","44","19","29","47"
"15/01/2000","49","53","44","12","24","45"
"08/01/2000","55","22","5","30","35","20"
"31/12/1999","12","15","44","34","51","19"
"24/12/1999","52","37","57","16","10","50"
"18/12/1999","40","23","1","18","35","8"
"11/12/1999","19","52","29","15","12","5"
"04/12/1999","32","17","9","14","24","7"
"27/11/1999","17","3","44","37","9","32"
"20/11/1999","32","42","43","25","28","33"
"13/11/1999","12","4","11","49","43","19"
"06/11/1999","1","60","26","41","28","54"
"31/10/1999","58","5","41","3","1","23"
"24/10/1999","32","40","42","21","10","5"
"16/10/1999","41","53","38","4","31","15"
"10/10/1999","34","42","43","46","27","17"
"02/10/1999","6","44","58","41","36","48"
"25/09/1999","24","26","51","25","14","23"
"18/09/1999","59","17","22","46","43","55"
"11/09/1999","9","60","21","16","41","34"
"04/09/1999","16","11","7","40","44","2"
"28/08/1999","46","60","5","10","28","3"
"21/08/1999","33","1","55","35","51","27"
"14/08/1999","39","6","29","60","51","23"
"07/08/1999","6","53","5","26","27","23"
"31/07/1999","5","27","19","26","15","33"
"24/07/1999","35","22","39","41","59","38"
"17/07/1999","28","4","1","45","53","3"
"10/07/1999","10","20","13","1","42","50"
"03/07/1999","11","52","22","23","36","59"
"26/06/1999","29","28","49","17","42","50"
"19/06/1999","49","36","14","26","35","10"
"12/06/1999","54","27","4","43","40","46"
"05/06/1999","7","51","55","41","58","46"
"29/05/1999","52","51","37","13","21","1"
"22/05/1999","45","2","35","9","50","31"
"15/05/1999","1","38","48","28","11","33"
"08/05/1999","60","57","59","13","12","22"
"01/05/1999","39","56","19","23","10","35"
"24/04/1999","4","19","14","10","44","28"
"17/04/1999","41","56","27","36","53","8"
"10/04/1999","23","33","51","38","48","21"
"03/04/1999","25","37","30","39","6","41"
"27/03/1999","13","42","52","58","2","54"
"20/03/1999","16","9","50","58","11","35"
"13/03/1999","58","43","51","14","17","4"
"06/03/1999","17","13","4","44","41","21"
"27/02/1999","52","23","42","17","55","49"
"20/02/1999","12","32","44","43","35","30"
"13/02/1999","8","10","24","33","45","48"
"06/02/1999","47","2","31","42","45","30"
"30/01/1999","12","5","15","51","58","29"
"23/01/1999","3","43","16","56","52","20"
"16/01/1999","50","44","12","55","52","54"
"09/01/1999","11","45","48","7","28","20"
"31/12/1998","32","55","59","41","58","35"
"24/12/1998","24","6","38","23","28","16"
"19/12/1998","51","34","25","60","42","32"
"12/12/1998","43","15","41","51","16","31"
"05/12/1998","8","32","44","36","45","55"
"28/11/1998","40","18","6","20","50","53"
"21/11/1998","20","59","19","54","15","8"
"14/11/1998","10","22","42","13","41","58"
"07/11/1998","55","31","46","44","41","7"
"31/10/1998","26","27","13","42","41","3"
"24/10/1998","41","14","37","5","40","27"
"17/10/1998","26","15","16","22","19","49"
"10/10/1998","17","25","45","38","1","59"
"03/10/1998","35","40","21","59","53","22"
"26/09/1998","60","32","25","36","52","4"
"19/09/1998","19","57","6","39","34","5"
"12/09/1998","44","35","50","41","9","7"
"05/09/1998","30","9","17","27","4","44"
"29/08/1998","13","42","38","49","53","29"
"22/08/1998","46","54","10","9","1","32"
"15/08/1998","23","43","3","21","9","18"
"08/08/1998","59","21","51","54","29","50"
"01/08/1998","32","28","6","10","11","40"
"25/07/1998","56","47","25","59","53","41"
"18/07/1998","52","5","34","57","15","41"
"11/07/1998","13","42","16","32","14","26"
"04/07/1998","20","43","39","11","53","17"
"27/06/1998","53","41","44","2","29","55"
"20/06/1998","46","45","16","40","27","3"
"13/06/1998","47","21","1","50","36","38"
"06/06/1998","22","57","37","9","25","56"
"30/05/1998","53","42","27","20","33","25"
"23/05/1998","36","42","32","5","13","51"
"16/05/1998","6","14","24","20","4","38"
"09/05/1998","47","54","18","6","12","37"
"02/05/1998","34","54","26","28","55","7"
"25/04/1998","37","43","34","20","12","42"
"18/04/1998","52","32","4","33","25","22"
"11/04/1998","57","58","18","31","43","52"
"04/04/1998","54","13","44","49","48","1"
"29/03/1998","60","29","34","24","21","59"
"22/03/1998","2","24","52","4","16","51"
"15/03/1998","24","16","38","5","39","35"
"08/03/1998","3","13","31","43","46","49"
"01/03/1998","13","1","38","21","52","4"
"22/02/1998","9","1","57","7","54","49"
"15/02/1998","44","42","37","56","19","20"
"08/02/1998","39","1","37","31","29","18"
"01/02/1998","46","48","30","14","29","51"
"25/01/1998","30","33","24","11","46","60"
"18/01/1998","43","33","14","31","35","13"
"11/01/1998","56","53","11","14","5","35"
"04/01/1998","4","42","58","26","7","40"
"28/12/1997","46","60","6","40","50","45"
"21/12/1997","28","51","55","18","52","8"
"14/12/1997","22","53","31","28","2","36"
"07/12/1997","5","23","51","3","1","24"
"30/11/1997","60","4","10","35","39","2"
"23/11/1997","21","26","40","54","9","52"
"16/11/1997","59","42","34","13","44","55"
"09/11/1997","45","37","29","4","43","18"
"02/11/1997","40","4","28","32","11","5"
"26/10/1997","54","21","6","34","36","22"
"19/10/1997","47","15","30","37","45","6"
"12/10/1997","10","34","4","6","25","40"
"05/10/1997","24","16","4","42","57","15"
"28/09/1997","51","36","53","29","18","15"
"21/09/1997","47","41","10","60","54","23"
"14/09/1997","51","40","37","23","48","28"
"07/09/1997","43","25","2","13","31","17"
"31/08/1997","22","32","46","12","25","31"
"24/08/1997","29","54","40","57","49","21"
"17/08/1997","33","18","23","8","17","53"
"10/08/1997","36","49","37","35","24","21"
"03/08/1997","2","24","34","50","38","37"
"27/07/1997","57","25","45","28","51","26"
"20/07/1997","19","48","43","1","34","44"
"13/07/1997","53","16","45","43","33","27"
"06/07/1997","40","17","23","43","27","58"
"29/06/1997","56","58","34","53","25","45"
"22/06/1997","53","13","3","1","12","59"
"15/06/1997","47","14","27","52","17","12"
"08/06/1997","15","26","12","33","48","13"
"01/06/1997","20","1","5","32","25","34"
"25/05/1997","8","54","50","60","23","12"
"18/05/1997","26","9","41","49","25","40"
"11/05/1997","52","13","6","24","8","31"
"04/05/1997","59","8","18","29","42","44"
"27/04/1997","38","14","21","15","3","20"
"20/04/1997","28","13","34","2","8","54"
"13/04/1997","30","49","27","37","12","44"
"06/04/1997","27","17","16","34","7","59"
"30/03/1997","51","35","59","7","20","2"
"23/03/1997","29","2","14","38","23","52"
"16/03/1997","5","21","9","56","18","36"
"09/03/1997","42","13","3","46","38","16"
"02/03/1997","58","15","59","30","38","46"
"23/02/1997","23","24","42","25","17","47"
"16/02/1997","57","44","21","16","58","6"
"09/02/1997","33","7","43","35","13","55"
"02/02/1997","47","5","34","28","2","50"
"26/01/1997","35","17","3","48","25","56"
"19/01/1997","32","46","1","60","24","23"
"12/01/1997","30","7","37","55","44","53"
"05/01/1997","47","38","18","14","29","44"
"29/12/1996","2","58","25","6","26","17"
"22/12/1996","24","36","19","33","7","11"
"15/12/1996","38","26","35","39","12","47"
"08/12/1996","3","12","46","5","47","8"
"01/12/1996","16","37","45","52","56","12"
"24/11/1996","55","42","10","43","45","54"
"17/11/1996","22","6","7","52","38","60"
"10/11/1996","13","3","51","17","29","25"
"03/11/1996","21","57","16","23","54","4"
"27/10/1996","15","13","57","53","40","17"
"20/10/1996","5","33","49","17","42","39"
"13/10/1996","43","33","14","36","5","44"
"06/10/1996","56","19","28","48","17","45"
"29/09/1996","38","50","7","29","15","14"
"22/09/1996","14","56","58","8","43","3"
"15/09/1996","60","6","22","3","24","54"
"08/09/1996","44","33","13","51","17","20"
"01/09/1996","50","53","57","10","58","22"
"25/08/1996","56","50","55","54","24","43"
"19/08/1996","1","8","14","28","33","43"
"12/08/1996","17","52","51","59","39","37"
"05/08/1996","9","38","56","1","31","46"
"29/07/1996","49","46","6","53","33","36"
"22/07/1996","25","28","30","33","51","11"
"15/07/1996","5","25","12","10","60","24"
"08/07/1996","37","36","56","27","42","23"
"01/07/1996","10","20","6","19","51","13"
"24/06/1996","60","58","49","32","20","34"
"17/06/1996","60","12","33","52","35","51"
"10/06/1996","16","2","27","47","23","53"
"03/06/1996","47","32","50","54","18","56"
"27/05/1996","20","27","43","16","19","4"
"20/05/1996","25","15","58","37","59","38"
"13/05/1996","25","4","18","57","21","38"
"06/05/1996","55","43","56","54","8","60"
"29/04/1996","53","17","38","4","47","37"
"22/04/1996","56","38","21","20","3","5"
"15/04/1996","19","40","7","13","22","47"
"08/04/1996","1","19","46","6","16","2"
"01/04/1996","6","59","42","27","1","5"
"25/03/1996","36","30","10","11","29","47"
"18/03/1996","9","39","37","49","43","41"
"11/03/1996","41","5","4","52","30","33"
